// Reference=MNI

// 10388802-1
// Subjects=20
3.0	27.0	-12.0
3.0	51.0	0.0
-9.0	45.0	-6.0
-6.0	-78.0	-24.0
-42.0	-60.0	-27.0
9.0	-69.0	39.0
-30.0	-66.0	45.0
-66.0	-33.0	-9.0
36.0	51.0	-12.0
-30.0	24.0	-6.0
36.0	24.0	-9.0
-30.0	27.0	51.0
-48.0	27.0	27.0
45.0	21.0	-36.0
60.0	3.0	-3.0
-42.0	15.0	21.0
66.0	-39.0	-12.0
63.0	-9.0	0.0
6.0	36.0	27.0
-63.0	-3.0	6.0
3.0	-12.0	42.0
-9.0	45.0	-60.0
42.0	-9.0	-6.0
-63.0	-15.0	6.0
3.0	33.0	-8.0
-12.0	45.0	-6.0
-39.0	-57.0	-24.0
6.0	36.0	27.0
66.0	-6.0	-18.0
1.0	-21.0	27.0
54.0	-66.0	0.0
-30.0	-66.0	45.0
-48.0	-9.0	-3.0
39.0	-63.0	45.0
48.0	27.0	24.0
45.0	18.0	45.0
54.0	-66.0	3.0
-6.0	-48.0	27.0
45.0	-6.0	-6.0
36.0	-60.0	-27.0
-45.0	-78.0	15.0
36.0	24.0	-12.0
33.0	-12.0	-21.0
3.0	-9.0	42.0
57.0	-24.0	21.0
54.0	-66.0	3.0
-48.0	30.0	27.0
-45.0	-9.0	-3.0
-48.0	-60.0	-18.0
-45.0	15.0	18.0
-51.0	24.0	30.0
-36.0	-66.0	39.0
33.0	24.0	48.0
48.0	30.0	21.0
-42.0	45.0	-6.0
-3.0	21.0	42.0
-51.0	27.0	18.0
42.0	39.0	21.0
33.0	21.0	51.0
48.0	30.0	21.0
-42.0	-69.0	12.0
-39.0	12.0	51.0

// 10666559-1
// Subjects=20
30.0	-68.0	44.0
-6.0	6.0	70.0
-58.0	18.0	0.0
-42.0	0.0	56.0
56.0	16.0	-2.0
-58.0	14.0	34.0
-30.0	2.0	64.0
52.0	16.0	30.0
-22.0	-62.0	50.0
-52.0	10.0	34.0
-52.0	-56.0	-18.0
34.0	-64.0	-28.0
46.0	36.0	18.0
-28.0	-74.0	-26.0
34.0	6.0	62.0
-48.0	4.0	30.0
50.0	40.0	20.0
-32.0	-50.0	56.0
42.0	-72.0	22.0
44.0	-68.0	-10.0
56.0	14.0	-2.0
-44.0	28.0	-8.0
28.0	-68.0	44.0
-22.0	56.0	0.0
-30.0	-74.0	20.0
38.0	-48.0	-22.0
-40.0	-80.0	-4.0
-52.0	-54.0	-12.0
32.0	8.0	62.0
-58.0	18.0	0.0

// 11353732-1
// Subjects=20
42.0	-66.0	24.0
42.0	24.0	-39.0
-33.0	18.0	-39.0
33.0	15.0	-36.0
-39.0	18.0	-33.0
-24.0	-12.0	-18.0
-33.0	-18.0	-18.0
3.0	57.0	18.0
63.0	-18.0	-21.0
-57.0	-54.0	24.0
-54.0	-69.0	27.0
30.0	-21.0	-18.0
3.0	-45.0	34.0
-33.0	-27.0	-18.0
-3.0	57.0	3.0
24.0	-81.0	-42.0
-57.0	-54.0	24.0
0.0	-45.0	24.0
-30.0	-72.0	-30.0
-69.0	-6.0	-21.0
33.0	-27.0	-15.0
-66.0	-9.0	-18.0
-27.0	-39.0	-21.0
-48.0	21.0	-24.0
-6.0	-51.0	30.0
-60.0	-6.0	-21.0
-60.0	0.0	-21.0
27.0	-15.0	-21.0
-60.0	-51.0	21.0
0.0	57.0	9.0
36.0	24.0	-36.0
-45.0	21.0	-30.0
-24.0	-12.0	-18.0
-36.0	60.0	6.0
36.0	-78.0	-36.0
61.0	-15.0	-18.0
-3.0	57.0	0.0
42.0	-66.0	36.0
48.0	42.0	3.0
27.0	-81.0	-42.0
36.0	63.0	12.0
-27.0	-30.0	-15.0
18.0	-78.0	-45.0
-30.0	-63.0	-30.0
-6.0	-48.0	39.0
42.0	39.0	0.0

// 11683908-1
// Subjects=20
-37.7	56.8	-24.0
-24.8	22.6	-28.0
-46.2	22.4	-27.7
-35.4	30.5	-7.3
-25.9	22.7	-25.8
-45.0	21.8	-8.7
-39.6	32.6	-6.4
-4.7	62.6	-34.9
-25.9	53.2	-17.2
-37.7	59.0	-24.2
-35.4	28.4	-6.0
-41.9	53.6	-10.3

// 12821520-1
// Subjects=20
-6.0	-55.0	29.0
-6.0	-55.0	29.0
34.0	-26.0	-7.0
4.0	-41.0	28.0
-38.0	-28.0	-12.0
34.0	-13.0	-20.0
-6.0	-55.0	29.0
8.0	-64.0	31.0
42.0	-20.0	-7.0
-26.0	-14.0	-14.0
28.0	-28.0	-10.0
30.0	-3.0	-18.0
-6.0	-55.0	29.0
-6.0	-55.0	29.0
-6.0	-55.0	29.0
42.0	-4.0	-12.0
-6.0	-55.0	29.0
-6.0	-55.0	29.0
-6.0	-55.0	29.0
-6.0	-55.0	29.0
-6.0	-55.0	29.0
-6.0	-55.0	29.0
-6.0	-55.0	29.0
-6.0	-55.0	29.0
28.0	-9.0	-15.0
-6.0	-55.0	29.0
-6.0	-55.0	29.0

// 15219608-1
// Subjects=20
2.0	-33.0	-5.0
16.0	-43.0	-10.0
0.0	21.0	34.0
-32.0	16.0	45.0
-4.0	-53.0	-7.0
-8.0	15.0	60.0
8.0	-63.0	-14.0
-12.0	-37.0	-12.0
18.0	-51.0	19.0
2.0	-58.0	5.0
-2.0	-50.0	-33.0
6.0	-55.0	21.0
-6.0	-51.0	23.0
28.0	-51.0	-19.0
-2.0	-42.0	-18.0
18.0	-79.0	-28.0
40.0	-64.0	-30.0
0.0	18.0	40.0
-32.0	-56.0	-36.0
-20.0	-40.0	-27.0
-28.0	38.0	20.0
-30.0	26.0	-25.0
-36.0	-68.0	-37.0
-16.0	-9.0	8.0
-34.0	-57.0	23.0
-42.0	-61.0	33.0
-14.0	52.0	-8.0
-8.0	59.0	12.0
-4.0	6.0	-5.0
-28.0	22.0	-16.0
6.0	9.0	25.0
-30.0	-59.0	39.0
-40.0	69.0	30.0
-51.0	15.0	-16.0
-34.0	-70.0	40.0
-36.0	21.0	-1.0

// 15537676-1
// Subjects=20
-14.0	46.0	44.0
32.0	20.0	-22.0
-26.0	20.0	-24.0
48.0	38.0	22.0
-18.0	46.0	0.0
42.0	18.0	50.0
-6.0	60.0	10.0
-36.0	-28.0	-18.0
-28.0	-12.0	-12.0
-44.0	18.0	-18.0
-56.0	22.0	14.0
32.0	-18.0	-20.0
-42.0	38.0	16.0
-4.0	56.0	-14.0
-16.0	-2.0	-18.0
54.0	10.0	42.0
30.0	-34.0	-20.0
-38.0	-32.0	-28.0
8.0	40.0	18.0
-22.0	48.0	-12.0
-38.0	44.0	38.0
-14.0	-2.0	-26.0
14.0	0.0	-28.0
-42.0	30.0	24.0
28.0	56.0	18.0
-16.0	42.0	20.0

// 15546700-1
// Subjects=20
48.0	-33.0	45.0
63.0	-39.0	18.0
33.0	42.0	33.0
-30.0	0.0	54.0
36.0	-48.0	60.0
0.0	25.0	48.0
54.0	12.0	24.0
-48.0	9.0	27.0
36.0	57.0	12.0
36.0	-3.0	60.0
30.0	-6.0	63.0
-24.0	-66.0	54.0
-21.0	9.0	63.0
36.0	-42.0	-48.0
-40.0	-14.0	58.0
-51.0	-69.0	-3.0
60.0	12.0	24.0
-30.0	-96.0	-3.0
27.0	-60.0	48.0
24.0	-81.0	39.0
-3.0	3.0	51.0
-45.0	-39.0	51.0
42.0	-66.0	-18.0
-42.0	-72.0	-18.0
-57.0	9.0	27.0
63.0	-21.0	39.0
-36.0	54.0	9.0
51.0	12.0	36.0
27.0	12.0	60.0
39.0	-78.0	33.0
-42.0	24.0	-9.0
12.0	-69.0	57.0
57.0	-24.0	42.0
-24.0	-69.0	51.0
0.0	21.0	45.0
-51.0	-51.0	36.0
-12.0	-18.0	3.0
-18.0	-78.0	45.0
-45.0	-30.0	51.0
-33.0	-39.0	-45.0
30.0	9.0	57.0
42.0	-69.0	33.0
-39.0	57.0	3.0
36.0	-78.0	33.0
-9.0	-66.0	54.0
-27.0	-60.0	-27.0
-51.0	-33.0	51.0
-54.0	6.0	39.0
51.0	-63.0	-3.0
54.0	-60.0	-12.0
51.0	-66.0	-12.0
18.0	-60.0	48.0
36.0	27.0	-9.0
21.0	-51.0	-27.0
-57.0	-51.0	12.0
-39.0	-48.0	-51.0
30.0	-60.0	-27.0
-24.0	9.0	63.0
-24.0	-66.0	51.0

// 15704151-1
// Subjects=20
-14.0	-38.0	-14.0
-14.0	-38.0	-14.0
-14.0	-36.0	-16.0
-24.0	-20.0	-18.0
-28.0	-66.0	-18.0
-12.0	-38.0	-16.0
-12.0	-38.0	-14.0

// 15721179-1
// Subjects=20
56.0	30.0	4.0
56.0	-15.0	-19.0
-45.0	-53.0	19.0
-49.0	-60.0	15.0
-45.0	4.0	45.0
-8.0	-68.0	15.0
23.0	-30.0	-19.0
-8.0	15.0	64.0
26.0	-15.0	-19.0
8.0	-60.0	19.0
45.0	-68.0	15.0
-38.0	-83.0	23.0
-26.0	-45.0	-19.0
-22.0	-6.0	-21.0
-49.0	-49.0	45.0
30.0	56.0	-11.0
19.0	-4.0	23.0
25.0	-10.0	-21.0
-11.0	53.0	23.0
-28.0	-20.0	-17.0

// 15728761-1
// Subjects=20
51.0	27.0	-3.0
-30.0	60.0	12.0
-33.0	12.0	48.0
-42.0	30.0	27.0
-27.0	0.0	-15.0
0.0	-42.0	0.0
-45.0	30.0	18.0
36.0	-75.0	-27.0
-18.0	-6.0	12.0
-3.0	54.0	27.0
0.0	21.0	54.0
-45.0	-72.0	-15.0
-48.0	30.0	-12.0
18.0	-99.0	0.0
-33.0	27.0	-12.0
0.0	-69.0	42.0
3.0	24.0	51.0
-21.0	0.0	-15.0
33.0	-54.0	39.0
-12.0	-99.0	-9.0
-15.0	6.0	12.0
-3.0	-69.0	36.0
18.0	-10.0	6.0
33.0	-66.0	-24.0
-30.0	60.0	0.0
-12.0	-10.0	-3.0
-18.0	51.0	30.0
-12.0	66.0	12.0
-33.0	-57.0	51.0
39.0	57.0	3.0

// 15772360-1
// Subjects=20
9.0	63.0	21.0
-45.0	-21.0	39.0
63.0	3.0	27.0
-6.0	30.0	42.0
36.0	-66.0	48.0
-54.0	-42.0	21.0
-33.0	15.0	-6.0
-54.0	-27.0	18.0
39.0	-51.0	36.0
-6.0	54.0	-6.0
3.0	30.0	-9.0
21.0	15.0	6.0
6.0	51.0	-12.0
-54.0	-63.0	0.0
-9.0	-96.0	6.0
-48.0	-69.0	0.0
-18.0	-18.0	-21.0
-33.0	-60.0	36.0
15.0	-60.0	-15.0
9.0	15.0	3.0
27.0	9.0	39.0
-30.0	39.0	-12.0
24.0	30.0	-15.0
-6.0	-24.0	24.0
-15.0	-51.0	-15.0
30.0	-51.0	-30.0
-3.0	-54.0	6.0
-45.0	-6.0	12.0
-48.0	24.0	21.0
-45.0	-27.0	18.0
18.0	-3.0	12.0
-45.0	-3.0	-3.0
-36.0	57.0	-3.0
60.0	-24.0	15.0
66.0	-39.0	-3.0
6.0	0.0	39.0
-42.0	-54.0	15.0
9.0	-72.0	36.0
-21.0	-42.0	63.0
54.0	-69.0	9.0
30.0	-21.0	-21.0
-24.0	-21.0	-21.0
54.0	-12.0	48.0
0.0	-45.0	30.0
57.0	-48.0	3.0
36.0	-36.0	60.0

// 15869492-1
// Subjects=20
36.0	9.0	3.0
9.0	3.0	39.0
-6.0	-96.0	21.0
30.0	0.0	-12.0
3.0	-18.0	9.0
-9.0	-30.0	6.0
-18.0	3.0	-24.0
-21.0	-33.0	-3.0
-3.0	-78.0	30.0
15.0	-45.0	-51.0
27.0	-48.0	-15.0
-9.0	-39.0	39.0
-9.0	-9.0	9.0
-12.0	-57.0	-48.0
15.0	15.0	69.0
18.0	-48.0	51.0
33.0	-33.0	42.0
-15.0	18.0	-18.0
-3.0	-12.0	9.0
24.0	-9.0	-15.0
-33.0	-18.0	-11.0
-36.0	-39.0	-21.0
-3.0	-12.0	45.0
15.0	-84.0	39.0
-63.0	-24.0	-3.0
66.0	-42.0	-12.0
27.0	-33.0	0.0
24.0	-36.0	-33.0
30.0	-78.0	-15.0
-24.0	-90.0	-12.0
-33.0	-69.0	-9.0
30.0	6.0	-21.0
39.0	-9.0	27.0
24.0	-93.0	-6.0
15.0	-33.0	0.0
-15.0	-84.0	15.0
27.0	-30.0	-27.0
-39.0	-72.0	51.0
-36.0	-81.0	15.0
39.0	-18.0	69.0
-21.0	60.0	6.0
-42.0	-63.0	33.0
-3.0	42.0	3.0
33.0	6.0	-30.0
-27.0	12.0	-21.0
15.0	12.0	-21.0
33.0	-27.0	9.0
-9.0	42.0	54.0
63.0	-9.0	-21.0
36.0	-72.0	-51.0
-54.0	-15.0	-15.0
63.0	-48.0	-3.0
-33.0	-93.0	3.0
-39.0	-81.0	18.0
6.0	48.0	6.0
9.0	51.0	-9.0
9.0	-72.0	-15.0
-36.0	-42.0	-21.0
-63.0	-48.0	-9.0
39.0	-3.0	30.0
-42.0	12.0	48.0
45.0	51.0	15.0
-9.0	-39.0	3.0
-57.0	-54.0	0.0
-57.0	-39.0	12.0
-39.0	-69.0	36.0
39.0	-63.0	42.0
69.0	-18.0	21.0
-39.0	9.0	60.0
-9.0	54.0	-9.0
42.0	-6.0	42.0
-33.0	33.0	12.0
6.0	-66.0	21.0
18.0	-87.0	-24.0
27.0	-21.0	-9.0
51.0	-66.0	21.0
48.0	36.0	18.0
36.0	-81.0	24.0
-66.0	-30.0	-12.0
-21.0	-96.0	-6.0
-12.0	-6.0	-18.0
0.0	-39.0	39.0
33.0	-18.0	-12.0
-33.0	-27.0	-15.0
-36.0	-18.0	-24.0
-21.0	57.0	33.0
-54.0	-9.0	-18.0
6.0	60.0	3.0
24.0	21.0	51.0
45.0	18.0	27.0
6.0	-93.0	27.0
54.0	3.0	9.0
-6.0	51.0	-15.0
27.0	-93.0	21.0
-24.0	-78.0	3.0
-42.0	-39.0	9.0
33.0	-72.0	33.0
51.0	-6.0	-18.0
-45.0	9.0	-36.0
-30.0	-84.0	42.0
24.0	-72.0	-39.0
-60.0	6.0	9.0
24.0	-54.0	39.0

// 15919215-1
// Subjects=20
-27.0	37.0	-7.0
-48.0	-23.0	51.0
-35.0	-20.0	62.0
-35.0	-25.0	58.0
-9.0	-6.0	50.0
-35.0	-64.0	-2.0
-3.0	-31.0	24.0
17.0	-2.0	-18.0
-40.0	-37.0	53.0
-37.0	-63.0	44.0
-56.0	-6.0	-22.0
-27.0	-9.0	-22.0
-27.0	-45.0	25.0
-20.0	-13.0	-17.0
23.0	6.0	10.0
54.0	-18.0	51.0
-41.0	-71.0	40.0
41.0	-70.0	-12.0
-41.0	-61.0	-14.0
-41.0	46.0	-11.0
48.0	-50.0	0.0
-35.0	13.0	-21.0
-35.0	43.0	-17.0
4.0	-6.0	-12.0
50.0	-50.0	-6.0
18.0	-3.0	-17.0
-56.0	-54.0	25.0
21.0	-12.0	-22.0
35.0	39.0	17.0
-30.0	-9.0	61.0
27.0	10.0	7.0
-37.0	-60.0	-4.0
-27.0	-6.0	-15.0
-14.0	-5.0	50.0
-33.0	-36.0	43.0
-30.0	37.0	42.0
-39.0	-41.0	57.0
45.0	-9.0	53.0
-34.0	-16.0	56.0
-51.0	-21.0	50.0
-34.0	-35.0	45.0
15.0	-91.0	-1.0
-1.0	-31.0	24.0
-28.0	-12.0	-12.0
-9.0	-50.0	44.0
-60.0	-21.0	-17.0
24.0	9.0	9.0
-44.0	48.0	-13.0
62.0	-43.0	10.0
47.0	-49.0	0.0
62.0	0.0	-10.0
45.0	12.0	-33.0
50.0	-1.0	-22.0
-30.0	-8.0	60.0
-51.0	-22.0	17.0
20.0	0.0	-18.0
-35.0	-26.0	59.0
-53.0	-20.0	18.0
-36.0	-65.0	42.0
18.0	-97.0	-1.0
-43.0	3.0	-11.0
-12.0	34.0	-7.0
27.0	-5.0	8.0
53.0	20.0	7.0
-7.0	34.0	-11.0
-41.0	2.0	-10.0
36.0	13.0	9.0
35.0	6.0	11.0
18.0	-24.0	38.0
45.0	-39.0	32.0
-59.0	-21.0	-16.0
50.0	-50.0	-5.0
5.0	-3.0	-9.0
-15.0	48.0	36.0
44.0	-24.0	27.0
47.0	-51.0	22.0
50.0	-50.0	0.0
24.0	9.0	13.0
-32.0	-42.0	26.0
-21.0	-6.0	-18.0
29.0	33.0	29.0
51.0	0.0	-21.0
25.0	-5.0	8.0
-10.0	-48.0	46.0
-27.0	36.0	41.0
58.0	-1.0	-15.0
61.0	-42.0	10.0
22.0	-14.0	-24.0
24.0	0.0	-12.0
42.0	-12.0	37.0
-27.0	-12.0	-22.0
44.0	12.0	-33.0
-24.0	-84.0	-7.0
18.0	-24.0	37.0
39.0	36.0	14.0
-56.0	-6.0	-21.0
36.0	39.0	21.0
44.0	-38.0	32.0
39.0	36.0	18.0
52.0	-5.0	44.0
-55.0	-21.0	-22.0
15.0	-2.0	-20.0
50.0	-49.0	-4.0
38.0	-70.0	-6.0
-50.0	7.0	18.0
18.0	-24.0	-7.0
55.0	21.0	7.0
18.0	-24.0	-4.0
-24.0	-84.0	-6.0
-35.0	11.0	-5.0
-40.0	-62.0	-15.0
-45.0	-48.0	18.0
59.0	15.0	21.0
48.0	-22.0	29.0
-11.0	20.0	-4.0
50.0	-52.0	22.0
-51.0	7.0	19.0
23.0	34.0	28.0
35.0	-61.0	1.0
37.0	8.0	8.0
-56.0	-21.0	-20.0
-40.0	-69.0	40.0
12.0	-1.0	-16.0
-28.0	42.0	-5.0
-11.0	19.0	-4.0
60.0	15.0	24.0
42.0	-68.0	-13.0

// 16027012-1
// Subjects=20
27.0	-60.0	-30.0
-21.0	-27.0	-6.0
-36.0	-51.0	-27.0
-39.0	-66.0	-36.0
27.0	54.0	0.0
-15.0	-9.0	-3.0
-3.0	-6.0	6.0
-21.0	-3.0	18.0
-42.0	21.0	39.0
45.0	-60.0	42.0
-36.0	-69.0	24.0
-12.0	-27.0	-39.0
-3.0	-18.0	9.0
12.0	-78.0	-30.0
-24.0	66.0	9.0
30.0	24.0	-15.0
-27.0	27.0	54.0
30.0	24.0	-6.0
39.0	-72.0	30.0
36.0	-84.0	30.0
3.0	-48.0	42.0
-3.0	-18.0	9.0
-27.0	51.0	24.0
-27.0	51.0	-3.0
-33.0	57.0	12.0
30.0	57.0	3.0
9.0	-66.0	48.0
45.0	42.0	30.0
30.0	-78.0	36.0
-36.0	-18.0	39.0
9.0	-99.0	15.0
-27.0	24.0	-9.0
-45.0	24.0	24.0
-30.0	57.0	0.0
24.0	60.0	0.0
-33.0	-87.0	21.0
3.0	-60.0	-39.0
-3.0	33.0	-12.0
-9.0	-93.0	9.0
30.0	51.0	9.0
-24.0	51.0	18.0
6.0	-72.0	36.0
54.0	30.0	30.0
-39.0	-81.0	3.0
-48.0	24.0	-9.0
-24.0	-66.0	57.0
-27.0	51.0	24.0
-42.0	27.0	36.0
-48.0	30.0	33.0
15.0	-63.0	27.0
-27.0	-6.0	-9.0
-21.0	-24.0	12.0
15.0	-15.0	9.0
-39.0	12.0	48.0
18.0	-30.0	-9.0
6.0	-84.0	-9.0
36.0	-81.0	36.0
-27.0	45.0	21.0
-33.0	-54.0	39.0
-30.0	54.0	6.0
-6.0	-27.0	3.0
-42.0	24.0	-15.0
-36.0	15.0	57.0
48.0	36.0	30.0
-15.0	-12.0	6.0
-42.0	18.0	-18.0
-21.0	-36.0	-15.0
-30.0	-39.0	-12.0
-33.0	-84.0	27.0
-9.0	-78.0	36.0
51.0	24.0	0.0
12.0	-75.0	-27.0
18.0	63.0	9.0
24.0	60.0	6.0
-24.0	21.0	42.0
-21.0	-21.0	-9.0
-15.0	-60.0	18.0
21.0	-33.0	-12.0
-24.0	-42.0	-12.0
-6.0	-42.0	12.0
33.0	24.0	-12.0
-33.0	54.0	-6.0
-42.0	21.0	-15.0
-39.0	57.0	0.0
-27.0	54.0	-6.0
-9.0	-81.0	-33.0
33.0	57.0	9.0
-12.0	-72.0	-12.0
-6.0	21.0	39.0
30.0	60.0	-6.0
-48.0	27.0	21.0
-45.0	24.0	21.0
-18.0	36.0	39.0
42.0	-33.0	39.0
-48.0	-39.0	36.0
-51.0	-12.0	-21.0
24.0	57.0	3.0
15.0	-15.0	-12.0
0.0	39.0	36.0
-48.0	33.0	-3.0
51.0	12.0	30.0
-48.0	24.0	21.0
30.0	57.0	-6.0
-36.0	54.0	3.0
-3.0	-63.0	12.0
-30.0	51.0	-6.0
-48.0	24.0	21.0
-15.0	21.0	30.0
-45.0	-45.0	45.0
3.0	-66.0	-9.0
-30.0	-96.0	-3.0
21.0	54.0	3.0
-48.0	-45.0	48.0
-42.0	6.0	18.0
51.0	24.0	3.0
-21.0	12.0	-9.0
-33.0	-36.0	-18.0
-54.0	-45.0	21.0
-51.0	-30.0	36.0
-42.0	-66.0	-12.0
-36.0	-75.0	3.0
33.0	-96.0	-3.0
-3.0	-51.0	39.0
-39.0	18.0	39.0
33.0	45.0	36.0
-24.0	51.0	-3.0
-33.0	21.0	-12.0
-6.0	24.0	63.0
36.0	45.0	12.0
15.0	-15.0	-12.0
-6.0	36.0	21.0
39.0	-39.0	39.0
6.0	-75.0	-33.0
-15.0	-51.0	21.0
-33.0	-81.0	36.0
-45.0	-69.0	21.0
15.0	12.0	9.0
36.0	24.0	-3.0
-9.0	-78.0	-33.0
42.0	51.0	9.0
30.0	24.0	-15.0
-6.0	39.0	-6.0
-54.0	-39.0	-9.0
0.0	-21.0	9.0
15.0	-87.0	-33.0
33.0	-78.0	-36.0
33.0	-63.0	-27.0
45.0	-72.0	6.0
-24.0	21.0	-9.0
30.0	-72.0	36.0
-24.0	48.0	18.0
-27.0	-90.0	-3.0
-18.0	-57.0	-9.0
18.0	-87.0	-24.0
-39.0	-39.0	45.0
-24.0	-78.0	30.0
33.0	-93.0	-3.0
39.0	-81.0	-12.0
57.0	-54.0	42.0
18.0	-87.0	27.0
-27.0	24.0	-12.0
-24.0	-66.0	51.0
27.0	-18.0	-6.0
-21.0	-81.0	21.0
-15.0	-78.0	51.0
-48.0	-42.0	51.0
57.0	-54.0	42.0
-30.0	57.0	6.0
-36.0	-39.0	-24.0
-18.0	0.0	18.0
15.0	-51.0	27.0
45.0	27.0	12.0

// 16290017-1
// Subjects=20
-22.0	56.0	23.0
4.0	16.0	53.0
-30.0	18.0	1.0
-14.0	-21.0	16.0
-10.0	-54.0	12.0
-6.0	-37.0	-2.0
-22.0	-41.0	-13.0
44.0	6.0	40.0
-2.0	10.0	46.0
16.0	-74.0	39.0
-6.0	6.0	40.0
24.0	-78.0	30.0
26.0	-59.0	64.0
34.0	-54.0	49.0
-4.0	-6.0	2.0
57.0	-43.0	39.0
-59.0	2.0	2.0
-59.0	1.0	11.0
-59.0	-11.0	6.0
50.0	-46.0	48.0
-34.0	15.0	-7.0
53.0	-45.0	32.0
-2.0	10.0	47.0
-28.0	-36.0	-15.0
8.0	-54.0	12.0
-18.0	-32.0	-15.0
-18.0	-40.0	-15.0
53.0	-4.0	41.0
-6.0	30.0	26.0
46.0	0.0	46.0
16.0	-78.0	37.0
-2.0	15.0	25.0
34.0	-62.0	45.0
-6.0	29.0	26.0
12.0	-97.0	9.0
-4.0	-17.0	10.0
4.0	-17.0	12.0
4.0	-13.0	4.0
-10.0	-50.0	8.0
-2.0	10.0	46.0
4.0	16.0	51.0
-18.0	64.0	6.0
-30.0	52.0	21.0
-8.0	-63.0	20.0
-28.0	25.0	-13.0

// 16480749-1
// Subjects=20
-33.0	21.0	51.0
-45.0	-21.0	-30.0
45.0	-66.0	45.0
12.0	-84.0	9.0
33.0	-72.0	51.0
-9.0	-102.0	18.0
-45.0	15.0	45.0
48.0	-63.0	45.0
-6.0	-24.0	-18.0
-15.0	-84.0	9.0
-12.0	-75.0	-12.0
12.0	-3.0	21.0
-9.0	36.0	39.0
-27.0	-18.0	51.0
-60.0	-24.0	-21.0
54.0	-15.0	21.0
3.0	-42.0	-3.0
-12.0	9.0	-6.0
51.0	-54.0	27.0
48.0	48.0	9.0
21.0	-96.0	3.0
33.0	-90.0	6.0
54.0	-33.0	27.0
39.0	-3.0	-33.0
18.0	-6.0	42.0
-48.0	-33.0	27.0
-27.0	60.0	15.0
-33.0	18.0	-9.0
39.0	-18.0	27.0
36.0	24.0	45.0
45.0	36.0	33.0
6.0	-75.0	42.0
-15.0	57.0	-6.0
63.0	18.0	12.0
27.0	24.0	18.0
-6.0	36.0	42.0
-9.0	54.0	12.0
-42.0	48.0	15.0
-42.0	-33.0	-18.0
39.0	15.0	12.0
-24.0	-36.0	-21.0
6.0	-90.0	0.0
-42.0	-45.0	48.0
-63.0	-30.0	0.0
-33.0	15.0	57.0
66.0	-39.0	21.0
45.0	54.0	0.0
57.0	-39.0	-12.0
-21.0	-96.0	12.0

// 16492377-1
// Subjects=20
-30.0	6.0	56.0
-12.0	10.0	-6.0
4.0	-28.0	-14.0
14.0	28.0	44.0
12.0	18.0	44.0
-30.0	48.0	12.0
-42.0	28.0	28.0
-30.0	-34.0	-16.0
6.0	-26.0	-2.0
-42.0	-50.0	38.0
12.0	18.0	-16.0
-42.0	8.0	32.0
10.0	22.0	0.0
-22.0	-40.0	-20.0
20.0	-32.0	-20.0
-4.0	44.0	4.0
-12.0	-24.0	-16.0
28.0	10.0	54.0
-10.0	16.0	0.0
8.0	10.0	54.0
48.0	-72.0	32.0
-34.0	-88.0	30.0
4.0	38.0	6.0
-34.0	14.0	-14.0
-6.0	-74.0	48.0
16.0	-54.0	8.0

// 16513369-1
// Subjects=20
-12.0	11.0	66.0
30.0	35.0	-5.0
-6.0	-56.0	12.0
18.0	-10.0	0.0
50.0	22.0	19.0
12.0	27.0	26.0
32.0	-91.0	-4.0
-12.0	37.0	42.0
-10.0	5.0	24.0
-57.0	-24.0	-11.0
20.0	56.0	-6.0
-26.0	27.0	-5.0
-42.0	27.0	-1.0
-32.0	-69.0	48.0
2.0	22.0	19.0
-42.0	20.0	19.0
-27.0	-92.0	-9.0
18.0	-96.0	27.0
28.0	5.0	-14.0
53.0	11.0	-19.0
32.0	-14.0	-16.0
-50.0	-19.0	43.0
-4.0	-37.0	27.0
40.0	-66.0	38.0
48.0	41.0	9.0
-61.0	-2.0	0.0
-48.0	42.0	15.0
16.0	45.0	26.0
30.0	60.0	3.0
28.0	10.0	46.0
-2.0	9.0	-9.0
-57.0	-56.0	-2.0
-16.0	54.0	-9.0
30.0	49.0	5.0
26.0	-59.0	-17.0
-51.0	11.0	-19.0
-53.0	-45.0	24.0
36.0	32.0	16.0
-38.0	-88.0	-6.0
0.0	35.0	6.0
-6.0	4.0	7.0

// 16525800-1
// Subjects=20
-30.0	21.0	-12.0
18.0	-75.0	45.0
6.0	-63.0	57.0
-33.0	-57.0	-33.0
-54.0	-69.0	0.0
-30.0	-72.0	24.0
24.0	18.0	3.0
-9.0	21.0	36.0
30.0	24.0	-6.0
0.0	-51.0	-21.0
15.0	-66.0	54.0
39.0	-45.0	54.0
45.0	15.0	39.0
36.0	39.0	36.0
-24.0	-69.0	57.0
-33.0	-36.0	33.0
-27.0	-81.0	33.0
-36.0	-36.0	30.0
0.0	-69.0	-30.0
6.0	21.0	42.0
15.0	-9.0	21.0
3.0	-18.0	15.0
54.0	21.0	0.0
-9.0	-75.0	48.0
3.0	-18.0	15.0
3.0	-63.0	57.0
42.0	0.0	-33.0
15.0	-66.0	54.0
24.0	-51.0	-33.0
0.0	-63.0	57.0
42.0	54.0	-6.0
36.0	-72.0	33.0
24.0	-60.0	18.0
-24.0	-63.0	57.0
0.0	-21.0	12.0
30.0	-45.0	39.0
30.0	24.0	-6.0
-15.0	-66.0	30.0
-24.0	-69.0	57.0
-6.0	39.0	30.0

// 16837057-1
// Subjects=20
27.0	14.0	-21.0
-42.0	-45.0	-20.0
-45.0	-57.0	17.0
-42.0	-76.0	-4.0
30.0	-1.0	-20.0
50.0	24.0	10.0
-45.0	13.0	-31.0
53.0	-64.0	11.0
53.0	-60.0	14.0
-56.0	-7.0	-20.0
53.0	7.0	33.0
-3.0	-59.0	36.0
18.0	-1.0	-20.0
6.0	-54.0	28.0
-53.0	-72.0	12.0
6.0	-53.0	39.0
3.0	53.0	19.0
0.0	-38.0	60.0
-42.0	-63.0	14.0
0.0	-50.0	47.0
-9.0	0.0	-3.0
-50.0	10.0	16.0
-48.0	22.0	24.0
27.0	-93.0	2.0
-50.0	-67.0	6.0
50.0	-55.0	14.0
6.0	51.0	31.0
-24.0	14.0	-16.0
-45.0	10.0	-23.0
53.0	8.0	41.0
-3.0	20.0	-4.0
-42.0	-56.0	-22.0

// 16919479-1
// Subjects=20
-37.0	-61.0	53.0
-6.0	-76.0	30.0
-34.0	-65.0	46.0
-14.0	1.0	54.0
23.0	-52.0	-32.0
10.0	12.0	34.0
-2.0	-34.0	24.0
-23.0	-30.0	-10.0
-34.0	-30.0	50.0
-12.0	34.0	42.0
-35.0	-53.0	51.0
11.0	-73.0	3.0
-18.0	24.0	40.0
-34.0	21.0	6.0
-38.0	42.0	30.0
32.0	-87.0	-10.0
-26.0	-96.0	-6.0
-44.0	48.0	-4.0
-1.0	-36.0	24.0
4.0	40.0	0.0
26.0	-92.0	-4.0
-50.0	4.0	38.0
11.0	-15.0	1.0
34.0	-58.0	-18.0
-18.0	24.0	38.0
-8.0	56.0	0.0
48.0	38.0	0.0
-38.0	-64.0	-16.0
4.0	-70.0	-22.0
-14.0	50.0	34.0
-26.0	-2.0	62.0
-18.0	-24.0	-24.0
-10.0	-14.0	-11.0
2.0	-40.0	24.0
34.0	-44.0	34.0
14.0	-56.0	24.0
10.0	-38.0	42.0
-8.0	12.0	36.0
34.0	-84.0	-18.0
-12.0	52.0	34.0
15.0	7.0	1.0
-16.0	-24.0	-26.0
-18.0	0.0	64.0
14.0	14.0	11.0
-48.0	-64.0	-18.0
6.0	9.0	43.0
14.0	-10.0	16.0
-6.0	-64.0	38.0
10.0	-68.0	42.0
-48.0	-42.0	50.0
-38.0	-24.0	60.0
-32.0	-30.0	52.0
-40.0	38.0	-20.0
14.0	-62.0	26.0
-10.0	12.0	36.0
-4.0	26.0	38.0
-26.0	-96.0	-6.0
40.0	-64.0	36.0
34.0	-16.0	24.0
-38.0	-48.0	-30.0
-48.0	-26.0	16.0
-48.0	8.0	28.0
8.0	-80.0	-38.0
-28.0	26.0	-8.0
-48.0	-74.0	-14.0
-38.0	-44.0	21.0
4.0	14.0	47.0
38.0	-38.0	34.0
-18.0	-24.0	-24.0
-13.0	-18.0	2.0
-40.0	-53.0	-22.0
-39.0	-54.0	-32.0
36.0	-85.0	-13.0
-30.0	-88.0	-20.0
36.0	-54.0	-25.0
-36.0	-58.0	56.0
-48.0	38.0	48.0
-5.0	6.0	37.0
-6.0	8.0	42.0
-9.0	-12.0	-13.0
34.0	19.0	6.0
-14.0	8.0	10.0
-12.0	-17.0	2.0
-16.0	6.0	1.0
40.0	-56.0	-20.0
-42.0	-24.0	58.0
10.0	-75.0	36.0
36.0	-82.0	-24.0
-36.0	-30.0	50.0
-64.0	-56.0	14.0
-12.0	52.0	34.0
-64.0	-50.0	16.0
-8.0	-22.0	-8.0
3.0	-32.0	21.0
-48.0	15.0	-10.0
-42.0	12.0	-2.0
-18.0	2.0	64.0
16.0	26.0	42.0
-30.0	24.0	-6.0
38.0	-80.0	36.0
44.0	-44.0	54.0
12.0	14.0	2.0
-2.0	6.0	55.0
36.0	24.0	-8.0
-31.0	-63.0	-38.0
8.0	6.0	61.0
-34.0	22.0	-4.0
-30.0	6.0	50.0
-12.0	-20.0	4.0
-12.0	-18.0	1.0
-36.0	-70.0	34.0
-49.0	-38.0	42.0
34.0	26.0	-8.0
-11.0	-1.0	-5.0
35.0	19.0	6.0
-9.0	-96.0	-11.0
-8.0	5.0	50.0
-5.0	14.0	40.0
2.0	16.0	44.0
9.0	19.0	34.0
-48.0	6.0	28.0

// 16930636-1
// Subjects=20
-15.0	-75.0	-27.0
-33.0	15.0	54.0
0.0	-6.0	0.0
39.0	27.0	36.0
-36.0	27.0	6.0
3.0	39.0	12.0
6.0	-81.0	45.0
-27.0	-57.0	39.0
30.0	-69.0	-24.0
-60.0	-21.0	-3.0
-36.0	24.0	45.0
-18.0	-42.0	66.0
51.0	-9.0	30.0
-30.0	-66.0	57.0
-36.0	-51.0	-36.0
45.0	27.0	0.0
9.0	-72.0	60.0
-9.0	-57.0	69.0
30.0	60.0	12.0
60.0	-27.0	33.0
51.0	9.0	-21.0
-42.0	12.0	45.0
-42.0	39.0	-3.0
-48.0	-60.0	51.0
-36.0	-12.0	0.0
-36.0	-45.0	21.0
-6.0	18.0	6.0
51.0	-42.0	-18.0
-48.0	-33.0	-15.0
54.0	-63.0	36.0
-39.0	54.0	3.0
60.0	-39.0	0.0
0.0	-78.0	18.0
-24.0	-45.0	-12.0
-42.0	-54.0	-18.0
-12.0	-78.0	45.0
-27.0	-12.0	45.0

// 17088375-1
// Subjects=20
36.0	-48.0	54.0
-48.0	39.0	-3.0
-39.0	-60.0	33.0
33.0	-39.0	-3.0
39.0	-84.0	3.0
-21.0	45.0	33.0
3.0	27.0	15.0
48.0	-54.0	27.0
-6.0	-66.0	30.0
60.0	9.0	36.0
-15.0	60.0	30.0
57.0	3.0	27.0
30.0	-51.0	54.0
-51.0	-60.0	-18.0
-30.0	-72.0	24.0
-51.0	-60.0	18.0
-3.0	-45.0	24.0
27.0	21.0	27.0
-57.0	-30.0	51.0
39.0	-24.0	30.0
-21.0	-54.0	51.0
-39.0	-48.0	63.0
-39.0	-57.0	24.0
-15.0	-57.0	0.0
63.0	-57.0	-3.0
39.0	-9.0	-27.0
42.0	-42.0	48.0

// 17150375-1
// Subjects=20
18.0	-88.0	-6.0
22.0	-94.0	10.0
-32.0	-90.0	10.0
34.0	-88.0	-16.0
18.0	-22.0	-16.0
-32.0	8.0	-4.0
-54.0	-56.0	46.0
-20.0	22.0	58.0
-30.0	10.0	0.0
14.0	-86.0	-6.0

// 17204822-1
// Subjects=20
-6.0	54.0	-9.0
-27.0	-42.0	-21.0
-48.0	-60.0	-9.0
24.0	-6.0	57.0
-60.0	-9.0	-21.0
48.0	15.0	-12.0
-63.0	-24.0	-6.0
51.0	-33.0	-18.0
-18.0	-72.0	48.0
6.0	-87.0	24.0
-54.0	6.0	0.0
15.0	-27.0	69.0
-39.0	-3.0	0.0
-51.0	-63.0	30.0
-9.0	-60.0	-18.0
-30.0	-87.0	30.0
-51.0	21.0	0.0
-15.0	45.0	39.0
24.0	-81.0	-12.0
-42.0	-78.0	30.0
-21.0	-24.0	-21.0
-3.0	-57.0	27.0
-24.0	-12.0	57.0
51.0	6.0	33.0
51.0	-9.0	45.0
-6.0	-9.0	66.0
54.0	-72.0	18.0
-42.0	-33.0	-21.0
3.0	-51.0	21.0
-36.0	-42.0	-30.0
-54.0	-57.0	-21.0
-9.0	57.0	-9.0
-3.0	60.0	0.0
-24.0	-6.0	21.0
0.0	-66.0	-27.0
57.0	-3.0	-18.0
36.0	-81.0	33.0
-6.0	60.0	-6.0
-27.0	-60.0	15.0
33.0	-93.0	-3.0
45.0	-78.0	12.0
21.0	-3.0	24.0
0.0	-24.0	15.0
-15.0	-39.0	60.0
57.0	-60.0	-18.0
33.0	-24.0	57.0

// 17204823-1
// Subjects=20
52.0	14.0	-24.0
10.0	-54.0	14.0
10.0	-50.0	4.0
-44.0	-70.0	32.0
-8.0	-56.0	10.0
-6.0	-52.0	0.0
54.0	4.0	-18.0
-6.0	-22.0	30.0
-64.0	-12.0	20.0
10.0	-68.0	28.0
-8.0	-68.0	24.0
12.0	-64.0	40.0
48.0	16.0	-10.0
22.0	24.0	2.0
-48.0	-74.0	28.0
-2.0	10.0	60.0
-12.0	-40.0	6.0
-30.0	-26.0	-12.0
14.0	-38.0	2.0
-12.0	-64.0	36.0
-14.0	-10.0	-16.0
10.0	-78.0	36.0
-18.0	-12.0	-16.0
16.0	-12.0	-20.0
36.0	-16.0	-14.0
-18.0	-18.0	-18.0
-16.0	-42.0	8.0
-16.0	-12.0	-14.0
-16.0	-12.0	-16.0
-20.0	-18.0	-20.0
24.0	-14.0	-20.0
32.0	-10.0	-20.0
34.0	-38.0	-6.0
24.0	-14.0	-20.0

// 17449068-1
// Subjects=20
-48.0	3.0	39.0
-30.0	45.0	27.0
-45.0	39.0	12.0
-24.0	-87.0	-21.0
-66.0	-36.0	-3.0
-39.0	-30.0	45.0
-27.0	-15.0	60.0
33.0	-54.0	45.0
42.0	-42.0	36.0
-54.0	21.0	18.0
-30.0	48.0	-12.0
-9.0	0.0	15.0
33.0	-24.0	72.0
6.0	-66.0	30.0
24.0	3.0	51.0
15.0	-72.0	60.0
-48.0	27.0	33.0
-9.0	-78.0	33.0
-36.0	21.0	51.0
36.0	-27.0	69.0
6.0	9.0	-3.0
-30.0	-63.0	45.0
-51.0	-57.0	-21.0
-54.0	-54.0	-24.0
-15.0	-3.0	-15.0
30.0	-33.0	-21.0
-39.0	-81.0	39.0
-36.0	-78.0	33.0
-18.0	33.0	51.0
-36.0	-9.0	-36.0
27.0	6.0	18.0
33.0	-60.0	57.0

// 17631361-1
// Subjects=20
34.0	-60.0	12.0
16.0	-55.0	27.0
30.0	-56.0	8.0
57.0	-56.0	3.0
-24.0	-50.0	47.0
0.0	-3.0	22.0
2.0	44.0	-7.0
-40.0	-33.0	42.0
-42.0	-73.0	7.0
-30.0	-82.0	-3.0
32.0	-62.0	36.0
20.0	-9.0	23.0
-42.0	22.0	21.0
-44.0	18.0	19.0
-30.0	-50.0	47.0
53.0	-35.0	33.0
0.0	-62.0	36.0
-34.0	-43.0	41.0
6.0	54.0	-11.0
6.0	57.0	16.0
30.0	-56.0	8.0
28.0	-84.0	28.0
-30.0	-78.0	13.0
30.0	-67.0	11.0
16.0	-25.0	14.0
-38.0	-64.0	2.0
-20.0	29.0	35.0
2.0	34.0	-13.0
-46.0	31.0	28.0
36.0	-63.0	53.0
30.0	-71.0	16.0
-59.0	-43.0	-5.0
-53.0	-56.0	-2.0
55.0	-51.0	-1.0
12.0	-82.0	-6.0
-32.0	-54.0	47.0
-6.0	4.0	11.0
12.0	-82.0	-6.0
46.0	35.0	9.0
-6.0	4.0	11.0
34.0	25.0	-1.0
16.0	-55.0	27.0
-42.0	-63.0	-12.0
61.0	-38.0	46.0
61.0	-27.0	49.0
-28.0	21.0	34.0
-26.0	-57.0	23.0
-44.0	44.0	16.0
6.0	-3.0	22.0
-49.0	-60.0	-2.0
-30.0	-78.0	-8.0
28.0	-79.0	11.0
57.0	-56.0	3.0
-46.0	-57.0	-7.0
-61.0	-25.0	42.0
46.0	9.0	24.0
-18.0	-5.0	-17.0
-48.0	30.0	24.0
-8.0	-28.0	29.0
-4.0	29.0	35.0
48.0	-57.0	-4.0
46.0	34.0	22.0
-44.0	9.0	27.0
-53.0	25.0	1.0
-24.0	6.0	46.0
-18.0	16.0	40.0
4.0	31.0	-10.0
-38.0	-74.0	0.0
-8.0	14.0	1.0
-12.0	20.0	43.0
0.0	-22.0	27.0
36.0	-31.0	38.0
-34.0	-58.0	49.0
32.0	-62.0	51.0
-18.0	-24.0	-19.0
44.0	40.0	31.0
-32.0	20.0	5.0
-40.0	-36.0	-13.0
50.0	2.0	-32.0
10.0	37.0	-7.0
36.0	-63.0	53.0
28.0	-60.0	51.0
-38.0	58.0	3.0
0.0	-62.0	36.0
50.0	38.0	22.0
-34.0	-62.0	44.0
46.0	15.0	23.0
-49.0	-63.0	-9.0
-28.0	-70.0	7.0
-46.0	31.0	28.0
32.0	32.0	13.0
-42.0	21.0	-1.0
-57.0	-31.0	48.0
-8.0	20.0	45.0
50.0	38.0	22.0
-42.0	-40.0	48.0
-51.0	-55.0	-12.0
-42.0	22.0	21.0
-55.0	-56.0	-2.0
-51.0	19.0	36.0
-42.0	1.0	22.0
-36.0	22.0	4.0
-49.0	44.0	-6.0
-44.0	-51.0	-1.0
-8.0	20.0	45.0
-12.0	31.0	46.0
-18.0	-5.0	-15.0
38.0	-58.0	40.0
-44.0	36.0	20.0
-34.0	16.0	45.0
-42.0	46.0	-14.0
-59.0	-43.0	-5.0
-28.0	8.0	38.0
55.0	-51.0	-1.0
-24.0	6.0	46.0
-32.0	29.0	-1.0
44.0	40.0	31.0
44.0	48.0	22.0
-32.0	-54.0	47.0
34.0	-62.0	34.0
-6.0	18.0	47.0
-28.0	29.0	-12.0
40.0	-33.0	31.0
-16.0	-1.0	-17.0
-61.0	-17.0	3.0
67.0	-33.0	7.0
-22.0	-26.0	-12.0
-4.0	35.0	37.0
-8.0	-71.0	51.0
18.0	-32.0	18.0
48.0	15.0	34.0
12.0	-34.0	20.0
12.0	18.0	12.0
-38.0	-64.0	-7.0
-14.0	11.0	22.0
59.0	-23.0	10.0
-57.0	-45.0	-6.0
38.0	30.0	19.0
-6.0	-58.0	49.0
-40.0	-49.0	21.0
46.0	35.0	9.0
-34.0	-43.0	41.0
-18.0	5.0	13.0
38.0	-52.0	45.0
12.0	-60.0	47.0
38.0	-35.0	46.0
-46.0	-64.0	-7.0
34.0	-62.0	42.0
34.0	29.0	-3.0
-2.0	33.0	-10.0
-16.0	-5.0	22.0
-34.0	-71.0	50.0
-49.0	44.0	-6.0
48.0	15.0	34.0
-42.0	-38.0	-13.0
-51.0	-56.0	-2.0
-18.0	4.0	48.0
32.0	32.0	13.0

// 17644222-1
// Subjects=20
-8.0	-66.0	-24.0
-56.0	-6.0	-10.0
0.0	-62.0	-32.0
-14.0	-70.0	-34.0
-12.0	48.0	28.0

// 17651006-1
// Subjects=20
-12.0	42.0	28.0
-64.0	-24.0	2.0
-42.0	4.0	42.0
52.0	-30.0	6.0
56.0	-30.0	8.0
-54.0	22.0	16.0
-62.0	-14.0	-10.0
-8.0	40.0	38.0
-60.0	-22.0	6.0
-46.0	14.0	-12.0
2.0	22.0	42.0
-6.0	8.0	56.0
34.0	18.0	0.0
14.0	14.0	6.0
10.0	-4.0	18.0
48.0	-22.0	2.0
-56.0	-2.0	-12.0
-62.0	-10.0	-16.0
-56.0	-36.0	24.0
-56.0	22.0	6.0
-2.0	28.0	34.0
2.0	58.0	14.0
-46.0	18.0	22.0
52.0	22.0	2.0
54.0	20.0	8.0
-4.0	14.0	50.0
8.0	4.0	14.0
-18.0	8.0	0.0
-36.0	16.0	6.0
-40.0	0.0	48.0
-6.0	52.0	28.0
12.0	58.0	20.0
54.0	-20.0	2.0
-52.0	10.0	-20.0
-48.0	10.0	42.0
-52.0	20.0	-2.0
46.0	-32.0	14.0
-68.0	-30.0	6.0
-16.0	44.0	36.0
50.0	6.0	-12.0
44.0	22.0	-4.0
52.0	20.0	2.0
-46.0	-30.0	10.0
-56.0	20.0	8.0
58.0	-16.0	-2.0
-4.0	62.0	14.0
46.0	-26.0	0.0
28.0	18.0	6.0
-8.0	46.0	32.0
-10.0	52.0	16.0
-66.0	-22.0	0.0
-2.0	22.0	40.0
-50.0	14.0	-18.0
-8.0	58.0	14.0
-46.0	-42.0	50.0
42.0	-20.0	12.0
-12.0	12.0	60.0
-6.0	-68.0	34.0
-38.0	30.0	-2.0
44.0	18.0	-4.0
52.0	-24.0	2.0
-8.0	46.0	36.0
44.0	14.0	-2.0
-46.0	2.0	48.0
20.0	-70.0	-30.0
-56.0	4.0	38.0
4.0	52.0	-2.0
-24.0	8.0	6.0
-48.0	18.0	-4.0
50.0	8.0	-10.0
-6.0	26.0	46.0
-42.0	12.0	50.0
54.0	-28.0	2.0
-54.0	18.0	8.0
-2.0	40.0	44.0
-54.0	22.0	0.0
-12.0	10.0	62.0
46.0	14.0	-2.0
-44.0	-24.0	10.0
8.0	56.0	6.0
-14.0	48.0	10.0
0.0	-40.0	32.0
-44.0	18.0	2.0
-58.0	-14.0	-12.0
-24.0	56.0	12.0
4.0	58.0	14.0
-56.0	14.0	0.0
0.0	26.0	38.0
-56.0	22.0	6.0
-56.0	18.0	18.0
54.0	18.0	12.0
-2.0	36.0	4.0
4.0	-58.0	24.0
-50.0	18.0	-8.0

// 17711573-1
// Subjects=20
10.0	48.0	34.0
8.0	-41.0	33.0
-44.0	-49.0	-16.0
-48.0	-66.0	-2.0
4.0	-76.0	-15.0
20.0	-57.0	32.0
53.0	12.0	12.0
46.0	-53.0	27.0
34.0	-41.0	-13.0
22.0	-51.0	30.0
-12.0	-55.0	29.0
-32.0	-28.0	16.0
-28.0	-32.0	18.0
-36.0	29.0	4.0
44.0	-53.0	25.0
6.0	16.0	47.0
32.0	-56.0	43.0
-16.0	-60.0	10.0
36.0	-62.0	44.0
10.0	-75.0	-23.0
34.0	-64.0	44.0
8.0	23.0	39.0
-44.0	-49.0	30.0
-22.0	-17.0	-23.0
42.0	-52.0	43.0
40.0	-29.0	51.0
-26.0	-55.0	-9.0
16.0	-66.0	5.0
4.0	14.0	56.0
38.0	-43.0	-6.0
-44.0	-6.0	26.0
8.0	-62.0	38.0
-46.0	12.0	38.0
28.0	-63.0	-17.0
34.0	-81.0	21.0
10.0	-73.0	26.0
48.0	-42.0	15.0
-8.0	12.0	38.0
-36.0	-77.0	19.0
16.0	-62.0	0.0
-50.0	17.0	34.0
-36.0	-60.0	49.0
-6.0	-76.0	-15.0
46.0	-58.0	-2.0
10.0	-71.0	26.0
34.0	-63.0	-25.0
-36.0	-58.0	42.0
6.0	-80.0	32.0
32.0	-24.0	21.0
8.0	-10.0	36.0
8.0	-67.0	11.0
-20.0	-21.0	14.0
50.0	6.0	37.0
-40.0	19.0	0.0
48.0	-74.0	-3.0
8.0	-68.0	7.0
40.0	-55.0	34.0
32.0	-66.0	35.0
-24.0	-82.0	26.0
-24.0	-71.0	20.0
55.0	12.0	3.0
36.0	30.0	19.0
36.0	-54.0	38.0
16.0	-66.0	5.0
26.0	-74.0	31.0
14.0	9.0	35.0
2.0	20.0	45.0
10.0	56.0	32.0
-36.0	17.0	-6.0
10.0	-71.0	26.0
-12.0	-48.0	-31.0
36.0	-63.0	29.0
-51.0	34.0	20.0
-6.0	44.0	16.0
-34.0	-15.0	6.0
0.0	-72.0	29.0
-30.0	-65.0	-25.0
-32.0	25.0	-3.0
14.0	-66.0	-2.0
-26.0	-45.0	-10.0
4.0	33.0	48.0
34.0	-61.0	27.0
-22.0	-73.0	20.0
40.0	-78.0	1.0
2.0	14.0	56.0
-26.0	-53.0	-7.0
46.0	-37.0	33.0
-30.0	21.0	-11.0
46.0	-55.0	-2.0
-42.0	-19.0	5.0
32.0	-56.0	40.0
26.0	16.0	42.0
-4.0	-38.0	24.0
8.0	29.0	43.0
48.0	1.0	26.0
24.0	48.0	23.0
20.0	-19.0	16.0
-51.0	34.0	20.0
-4.0	29.0	37.0
16.0	-66.0	5.0
-2.0	-55.0	-16.0
-20.0	-86.0	25.0
48.0	8.0	36.0
-16.0	-64.0	9.0
4.0	-76.0	-15.0
40.0	-80.0	1.0
4.0	-81.0	8.0
48.0	-57.0	-12.0
-14.0	-64.0	9.0
50.0	16.0	40.0
-12.0	-49.0	1.0
-10.0	-53.0	27.0
53.0	10.0	12.0
-12.0	-48.0	47.0
38.0	32.0	15.0
-20.0	59.0	6.0
-34.0	27.0	4.0
-24.0	-82.0	24.0
38.0	21.0	-3.0
38.0	21.0	-3.0
50.0	-45.0	-15.0
-42.0	25.0	34.0
40.0	32.0	17.0
-18.0	-87.0	15.0
-24.0	-80.0	24.0
8.0	-78.0	24.0
-48.0	-65.0	-10.0
42.0	1.0	26.0
-4.0	27.0	37.0
10.0	-76.0	26.0
-42.0	17.0	34.0
10.0	-75.0	-27.0
50.0	-41.0	-11.0
38.0	21.0	1.0
-32.0	-70.0	46.0
50.0	8.0	38.0

// 18160644-1
// Subjects=20
-6.0	54.0	27.0
-3.0	48.0	-12.0
-24.0	24.0	51.0
24.0	24.0	48.0
-3.0	-54.0	36.0
12.0	-54.0	9.0
-3.0	63.0	6.0
-9.0	-42.0	36.0
24.0	-21.0	-15.0
6.0	-66.0	60.0
3.0	-63.0	39.0
3.0	-66.0	60.0
12.0	-60.0	12.0
-36.0	-75.0	30.0
12.0	-57.0	15.0
-63.0	-9.0	-18.0
27.0	-36.0	-18.0
-6.0	-54.0	9.0
21.0	-33.0	-18.0
-3.0	45.0	36.0
-6.0	48.0	-9.0
-18.0	-33.0	-15.0
3.0	-63.0	63.0
3.0	24.0	-9.0
-48.0	-78.0	24.0
45.0	-66.0	24.0
9.0	-75.0	57.0
33.0	-42.0	-12.0
27.0	27.0	45.0
-57.0	-9.0	-21.0
57.0	-6.0	-24.0
-33.0	-78.0	39.0
-21.0	-21.0	-21.0
24.0	-21.0	-15.0
-63.0	-12.0	-18.0
-6.0	-78.0	54.0
-21.0	-39.0	-18.0
-6.0	-63.0	51.0
-3.0	-39.0	42.0
21.0	-24.0	-12.0
-18.0	-36.0	-15.0
-24.0	24.0	51.0
-9.0	-48.0	6.0
48.0	-72.0	27.0
18.0	-24.0	-12.0
57.0	-3.0	-24.0
57.0	-6.0	-24.0
15.0	-18.0	9.0
9.0	-57.0	48.0
-48.0	-78.0	18.0
3.0	-66.0	39.0
-3.0	-54.0	33.0
-12.0	-60.0	9.0
-3.0	-60.0	54.0
15.0	-57.0	9.0
45.0	-69.0	33.0
48.0	-72.0	27.0
-18.0	-21.0	-15.0
-3.0	-57.0	15.0
24.0	-33.0	-18.0
3.0	42.0	-9.0
-18.0	-36.0	-15.0
27.0	36.0	39.0
-3.0	51.0	24.0

// 18165281-1
// Subjects=20
3.0	-39.0	39.0
-24.0	57.0	9.0
-12.0	-60.0	27.0
6.0	45.0	-9.0
-48.0	-15.0	51.0
-30.0	-30.0	-3.0
45.0	-69.0	27.0
15.0	51.0	9.0
-21.0	-30.0	60.0
36.0	-30.0	57.0
-39.0	-72.0	39.0
-9.0	12.0	51.0
39.0	-51.0	-6.0
-39.0	-72.0	39.0
30.0	-12.0	-6.0
-51.0	-24.0	-18.0
24.0	-30.0	63.0
42.0	-45.0	30.0
9.0	-84.0	24.0
15.0	9.0	57.0
12.0	-60.0	21.0
-9.0	-45.0	24.0
15.0	21.0	-12.0
39.0	-21.0	27.0
-15.0	-93.0	15.0
-30.0	15.0	42.0
-60.0	-15.0	-18.0
-9.0	18.0	69.0
3.0	21.0	-9.0
45.0	27.0	45.0
36.0	-81.0	0.0
39.0	-15.0	24.0
12.0	-42.0	27.0
24.0	-87.0	18.0
39.0	12.0	18.0
-39.0	21.0	39.0
3.0	-66.0	-24.0

// 18274617-1
// Subjects=20
14.0	-24.0	54.0
-22.0	-31.0	-10.0
-54.0	-8.0	-8.0
-33.0	-32.0	-7.0
15.0	-65.0	51.0
-15.0	-47.0	52.0
34.0	-31.0	48.0
58.0	-33.0	23.0
-25.0	-53.0	39.0
-20.0	-3.0	-15.0
-22.0	-48.0	48.0
46.0	-8.0	-21.0
-20.0	2.0	-24.0
9.0	0.0	-11.0
22.0	-5.0	-12.0
26.0	-67.0	-3.0
-25.0	-49.0	13.0
9.0	-67.0	48.0
13.0	-52.0	59.0
24.0	-29.0	-10.0
12.0	-28.0	15.0
-15.0	17.0	12.0
-6.0	-53.0	31.0
9.0	31.0	-11.0
-1.0	33.0	-17.0
36.0	37.0	13.0
64.0	4.0	23.0
-27.0	35.0	23.0
9.0	0.0	21.0
-43.0	26.0	-1.0
-30.0	38.0	20.0
-7.0	10.0	-8.0
7.0	13.0	-7.0
30.0	-21.0	-10.0
30.0	-22.0	50.0
19.0	13.0	13.0
24.0	2.0	-24.0
53.0	-9.0	-10.0
8.0	-53.0	29.0
-13.0	-33.0	14.0

// 18321871-1
// Subjects=20
0.0	55.0	20.0
-53.0	-50.0	40.0
-40.0	-30.0	60.0
0.0	-32.0	48.0
-46.0	20.0	25.0
0.0	14.0	52.0
32.0	20.0	10.0
35.0	-4.0	13.0
-42.0	41.0	20.0
59.0	-42.0	8.0
45.0	40.0	15.0
58.0	-55.0	8.0
53.0	-50.0	40.0
22.0	41.0	43.0
0.0	50.0	15.0
-44.0	20.0	25.0

// 18420234-1
// Subjects=20
-5.0	-10.0	3.0
24.0	-24.0	-18.0
-19.0	-26.0	-17.0
-26.0	16.0	56.0
-23.0	-19.0	-16.0
-23.0	-30.0	-7.0
24.0	-26.0	-10.0
-23.0	-29.0	-8.0
-29.0	30.0	-10.0
-24.0	-35.0	-12.0
21.0	-32.0	-13.0
-18.0	-36.0	-9.0
19.0	-29.0	-13.0
-4.0	34.0	22.0
-20.0	-25.0	-19.0
7.0	-20.0	-23.0
-5.0	-58.0	8.0
-21.0	-19.0	-15.0
21.0	-18.0	-19.0
14.0	7.0	1.0
-6.0	-22.0	-20.0
-45.0	8.0	47.0
7.0	-47.0	3.0
-30.0	-73.0	-21.0
21.0	-80.0	-18.0
-8.0	-66.0	-2.0
33.0	26.0	1.0
6.0	-48.0	6.0
20.0	-31.0	-13.0
-2.0	-11.0	10.0
-10.0	-5.0	18.0
-38.0	24.0	2.0
-50.0	24.0	26.0
-2.0	24.0	42.0
-16.0	-1.0	9.0
25.0	-26.0	-10.0
-4.0	-50.0	3.0
-25.0	-30.0	-7.0

// 18455740-1
// Subjects=20
-15.0	-33.0	-8.0
45.0	-65.0	3.0
0.0	40.0	-2.0
-19.0	32.0	-14.0
26.0	25.0	-20.0
22.0	-30.0	-8.0
30.0	-5.0	-19.0
-48.0	-19.0	-18.0
0.0	-61.0	24.0
-52.0	-62.0	3.0
-45.0	-44.0	-14.0
-45.0	-32.0	23.0
-7.0	3.0	-7.0
37.0	-25.0	19.0
15.0	17.0	-17.0

// 18619985-1
// Subjects=20
36.0	-85.0	-11.0
51.0	5.0	-26.0
48.0	-22.0	-11.0
-29.0	47.0	8.0
21.0	-97.0	-8.0
-9.0	7.0	28.0
-9.0	-55.0	16.0
57.0	-37.0	-2.0
39.0	-19.0	-23.0
-31.0	-88.0	-17.0
15.0	-88.0	-17.0
41.0	-33.0	-11.0
-42.0	-28.0	-17.0
-52.0	-7.0	-38.0
-17.0	23.0	17.0
-58.0	-39.0	-15.0
60.0	-7.0	-17.0
48.0	-22.0	-5.0
36.0	-69.0	-7.0
-57.0	-19.0	-8.0
-27.0	-85.0	-18.0
-60.0	-58.0	-8.0
-51.0	-22.0	-21.0
39.0	45.0	-2.0
-42.0	26.0	-23.0
49.0	-40.0	-2.0
-51.0	-25.0	-2.0
-14.0	20.0	39.0
-10.0	33.0	55.0
-15.0	-100.0	-2.0
-49.0	-36.0	-10.0
48.0	-22.0	-1.0
-9.0	-21.0	-11.0
-9.0	-22.0	52.0
12.0	32.0	-14.0
-9.0	-58.0	10.0
-9.0	-65.0	17.0
-18.0	23.0	-16.0
42.0	-16.0	24.0
41.0	-56.0	24.0
-46.0	-76.0	-14.0
-39.0	-31.0	-14.0
-51.0	-58.0	-17.0
-61.0	-30.0	-1.0
-43.0	22.0	6.0
25.0	-1.0	60.0
39.0	-19.0	-16.0
-64.0	-40.0	0.0
36.0	44.0	-11.0
9.0	23.0	1.0
39.0	26.0	4.0
-64.0	-7.0	31.0
-42.0	-19.0	-8.0
-27.0	-25.0	-26.0
-45.0	5.0	1.0
-33.0	8.0	-32.0
27.0	41.0	43.0
-12.0	44.0	50.0
-27.0	-97.0	-8.0
30.0	5.0	31.0
27.0	25.0	13.0
-39.0	-22.0	-21.0
-9.0	44.0	-5.0
60.0	-19.0	-5.0
-9.0	-55.0	10.0
51.0	8.0	-32.0
42.0	-22.0	-11.0
36.0	-88.0	-8.0
36.0	14.0	-28.0
-6.0	23.0	-14.0
18.0	47.0	-5.0
-21.0	50.0	-8.0
36.0	38.0	-8.0
42.0	-16.0	-14.0
32.0	-16.0	-14.0
-39.0	20.0	-20.0
40.0	11.0	26.0
30.0	17.0	1.0
18.0	-85.0	2.0
42.0	-13.0	23.0
3.0	-43.0	10.0
21.0	-4.0	7.0
7.0	-38.0	5.0
47.0	-28.0	29.0
36.0	38.0	-8.0
2.0	-94.0	24.0
-47.0	38.0	17.0
-39.0	32.0	8.0
-24.0	23.0	-9.0
18.0	0.9	-14.0
12.0	31.0	-14.0
-21.0	11.0	-17.0
-12.0	-55.0	10.0
51.0	-1.0	22.0
18.0	18.0	64.0

// 18649352-1
// Subjects=20
-12.0	3.0	12.0
-54.0	9.0	36.0
-48.0	-48.0	51.0
-36.0	51.0	9.0
45.0	-48.0	51.0
24.0	-27.0	-30.0
-6.0	33.0	39.0
12.0	-66.0	33.0
-39.0	21.0	-12.0
21.0	-15.0	-36.0
-15.0	3.0	-3.0
-27.0	-3.0	60.0
-33.0	15.0	0.0
-48.0	27.0	33.0
39.0	-21.0	57.0
-6.0	-54.0	18.0
-51.0	-75.0	21.0
-24.0	-24.0	-30.0
36.0	-63.0	-36.0
12.0	12.0	0.0
-27.0	27.0	54.0
0.0	-18.0	27.0
48.0	-30.0	42.0
9.0	0.0	9.0
42.0	-72.0	45.0
-36.0	30.0	-21.0
-3.0	-81.0	42.0
-63.0	-51.0	-12.0

// 18820289-1
// Subjects=20
-51.0	9.0	24.0
-48.0	21.0	3.0
-3.0	24.0	51.0
-54.0	18.0	30.0
15.0	3.0	-27.0
30.0	-60.0	63.0
-45.0	-66.0	-18.0
-48.0	45.0	-12.0

// 19038275-1
// Subjects=20
6.0	-30.0	32.0
-32.0	-10.0	62.0
-34.0	-56.0	38.0
-36.0	-70.0	54.0
-36.0	6.0	60.0
-44.0	44.0	0.0
-6.0	16.0	62.0
-46.0	28.0	24.0
20.0	-16.0	66.0
-36.0	0.0	48.0
16.0	18.0	46.0
-46.0	22.0	40.0
-36.0	22.0	10.0
44.0	18.0	-18.0
26.0	-8.0	12.0
-4.0	-38.0	40.0
-50.0	36.0	14.0
-24.0	22.0	60.0
34.0	-22.0	68.0
-2.0	-46.0	16.0
-10.0	24.0	46.0
-34.0	-68.0	42.0
-6.0	-74.0	36.0
-4.0	28.0	38.0
6.0	-34.0	28.0
12.0	4.0	18.0
14.0	-84.0	-34.0
6.0	22.0	66.0
-6.0	36.0	54.0
54.0	24.0	18.0
10.0	32.0	40.0
-34.0	-62.0	56.0

// 19058792-1
// Subjects=20
-6.0	-73.0	-2.0
21.0	-49.0	58.0
45.0	-70.0	25.0
18.0	11.0	22.0
-12.0	-43.0	-2.0
0.0	-64.0	-5.0
6.0	59.0	7.0
0.0	14.0	-5.0
-51.0	29.0	16.0
0.0	-97.0	7.0
21.0	-49.0	58.0
-51.0	29.0	16.0
-12.0	-88.0	31.0
0.0	-97.0	7.0
15.0	-91.0	10.0
-21.0	56.0	19.0
24.0	-70.0	-38.0
30.0	23.0	-17.0
18.0	-22.0	58.0
24.0	-70.0	-38.0
24.0	11.0	49.0
24.0	11.0	49.0
45.0	-70.0	25.0
-6.0	-73.0	-2.0
15.0	-91.0	10.0
30.0	23.0	-17.0
18.0	11.0	22.0
0.0	14.0	-5.0
-39.0	-16.0	-5.0
-12.0	-43.0	-2.0
-21.0	56.0	19.0
-39.0	23.0	-17.0
-39.0	-16.0	-5.0
-15.0	-79.0	13.0
-9.0	14.0	-17.0
-39.0	23.0	-17.0
6.0	59.0	7.0
-15.0	-79.0	13.0
-9.0	14.0	-17.0
-12.0	-88.0	31.0
0.0	-64.0	-5.0
18.0	-22.0	58.0

// 19110014-1
// Subjects=20
30.0	25.0	-3.0
-34.0	-4.0	37.0
-50.0	26.0	21.0
-30.0	-41.0	-13.0
-28.0	-67.0	29.0
-36.0	-52.0	43.0
32.0	-45.0	-8.0
-8.0	-50.0	12.0
12.0	2.0	2.0
-4.0	-31.0	-3.0
-32.0	2.0	37.0
-28.0	25.0	-5.0
-30.0	-68.0	42.0
44.0	19.0	27.0
-50.0	24.0	23.0
-38.0	-36.0	-13.0
-51.0	23.0	26.0
-44.0	-47.0	-14.0
6.0	-29.0	-2.0
48.0	19.0	27.0
30.0	21.0	-8.0
48.0	17.0	25.0
-2.0	14.0	44.0
20.0	-33.0	-7.0
12.0	-84.0	-6.0
10.0	-68.0	48.0
-16.0	-59.0	18.0
-6.0	-11.0	10.0
-44.0	-55.0	-11.0
30.0	-66.0	33.0
-20.0	-70.0	44.0
-28.0	-64.0	38.0
-51.0	17.0	34.0
-2.0	-41.0	35.0
10.0	-29.0	-7.0
30.0	23.0	-5.0
-32.0	-75.0	18.0
-34.0	0.0	37.0
-2.0	-63.0	29.0
34.0	-78.0	30.0
-6.0	14.0	44.0

// 19146963-1
// Subjects=20
30.0	-39.0	-48.0
-6.0	-30.0	27.0
9.0	-15.0	-9.0
-15.0	9.0	-6.0
30.0	-66.0	-36.0
-9.0	-9.0	3.0
-48.0	9.0	-42.0
-54.0	12.0	39.0
-42.0	-3.0	30.0
-36.0	-72.0	0.0
-60.0	-51.0	-15.0
12.0	-84.0	-33.0
-33.0	-66.0	48.0
-36.0	-84.0	27.0
-24.0	3.0	60.0
-30.0	-6.0	66.0
-48.0	-27.0	54.0
45.0	-36.0	36.0
54.0	-51.0	-24.0
12.0	30.0	21.0
24.0	0.0	-24.0
6.0	-75.0	51.0
18.0	-57.0	18.0
36.0	-87.0	-9.0
-33.0	-66.0	48.0
-6.0	-30.0	-15.0
39.0	12.0	-48.0
-39.0	9.0	24.0
-42.0	-42.0	21.0
-6.0	-72.0	3.0
-3.0	12.0	-12.0
-48.0	9.0	-42.0
39.0	24.0	-6.0
27.0	-15.0	-27.0
30.0	-66.0	-36.0
-27.0	-18.0	-24.0
36.0	15.0	51.0
-18.0	-21.0	30.0
-57.0	-9.0	-21.0
-39.0	-66.0	-39.0
51.0	-9.0	15.0
51.0	-66.0	12.0
-21.0	-33.0	30.0
15.0	-24.0	63.0
-21.0	-6.0	-27.0
60.0	-6.0	-27.0
-54.0	15.0	9.0
-6.0	27.0	51.0
-9.0	9.0	51.0
27.0	-3.0	51.0
-33.0	6.0	60.0
18.0	-57.0	18.0
0.0	57.0	-6.0
-18.0	-30.0	45.0
39.0	24.0	-6.0
33.0	-57.0	-27.0
-9.0	-9.0	3.0
-54.0	12.0	39.0
-42.0	-3.0	30.0
-6.0	-30.0	-15.0
9.0	-15.0	-9.0
30.0	-39.0	-48.0
12.0	30.0	21.0
-6.0	27.0	51.0
24.0	0.0	-24.0
0.0	57.0	-6.0
-6.0	-30.0	27.0
-42.0	24.0	24.0
-18.0	36.0	24.0
-33.0	6.0	60.0
-15.0	9.0	-6.0
6.0	-75.0	51.0
36.0	-87.0	-9.0
-48.0	-27.0	54.0
-30.0	-6.0	66.0
-6.0	-72.0	3.0
-54.0	15.0	9.0
12.0	-84.0	-33.0
33.0	-57.0	-27.0
54.0	-51.0	-24.0
-39.0	-66.0	-39.0
45.0	-36.0	36.0
-39.0	9.0	24.0
-18.0	-21.0	30.0
-24.0	3.0	60.0
-3.0	12.0	-12.0
27.0	-3.0	51.0
39.0	-48.0	42.0
-27.0	48.0	6.0
-36.0	-72.0	0.0
51.0	-66.0	12.0
-27.0	48.0	6.0
-42.0	-42.0	21.0
-21.0	-33.0	30.0
27.0	-15.0	-27.0
39.0	12.0	-48.0
-18.0	-30.0	45.0
-27.0	-18.0	-24.0
36.0	15.0	51.0
-36.0	-84.0	27.0
-9.0	9.0	51.0
-21.0	-6.0	-27.0
60.0	-6.0	-27.0
-42.0	24.0	24.0
15.0	-24.0	63.0
51.0	-9.0	15.0
-18.0	36.0	24.0
-57.0	-9.0	-21.0
48.0	27.0	30.0
39.0	-48.0	42.0
-60.0	-51.0	-15.0
48.0	27.0	30.0

// 19240137-1
// Subjects=20
-8.0	42.0	8.0
-10.0	52.0	32.0
16.0	48.0	34.0
56.0	26.0	32.0
-22.0	40.0	22.0
-42.0	-52.0	-26.0
0.0	28.0	32.0
-66.0	-34.0	4.0
42.0	-62.0	22.0
-50.0	-44.0	18.0
-4.0	56.0	2.0
18.0	32.0	52.0
-54.0	-44.0	26.0
10.0	54.0	28.0
-4.0	-50.0	10.0
-12.0	-12.0	10.0
-16.0	48.0	40.0
58.0	-62.0	24.0
20.0	-76.0	-28.0
8.0	-28.0	2.0
62.0	-18.0	-22.0
8.0	-2.0	50.0
-42.0	42.0	18.0
-8.0	32.0	48.0
-32.0	18.0	42.0
26.0	-68.0	-48.0
-14.0	-12.0	12.0
2.0	-20.0	-6.0
2.0	40.0	32.0
8.0	52.0	30.0
-4.0	48.0	40.0
-12.0	44.0	30.0
-50.0	20.0	6.0
-6.0	34.0	-6.0
56.0	-32.0	22.0
-52.0	-24.0	-12.0
56.0	26.0	32.0
-40.0	32.0	14.0
-4.0	42.0	50.0
-32.0	10.0	58.0
-42.0	38.0	6.0
-16.0	62.0	22.0
-10.0	-82.0	10.0
4.0	-56.0	-34.0
-4.0	28.0	34.0
8.0	50.0	-16.0
-2.0	26.0	10.0
-50.0	12.0	32.0
-30.0	18.0	8.0
-6.0	-36.0	-4.0
-44.0	14.0	12.0
-46.0	42.0	-2.0
2.0	12.0	54.0
50.0	12.0	32.0
-2.0	34.0	48.0
-46.0	-2.0	-10.0
-20.0	-56.0	-36.0
40.0	-52.0	-26.0
28.0	-56.0	-22.0
16.0	-10.0	22.0
58.0	0.0	-2.0
-10.0	32.0	44.0
-6.0	44.0	36.0
-40.0	22.0	2.0
-60.0	-28.0	16.0
62.0	-22.0	6.0
-18.0	-14.0	-10.0
-48.0	42.0	12.0
32.0	-60.0	-20.0
34.0	-72.0	-36.0
-18.0	-86.0	-4.0

// 19272364-1
// Subjects=20
30.0	21.0	3.0
-13.0	-72.0	7.0
-12.0	-25.0	12.0
25.0	5.0	48.0
16.0	-66.0	51.0
9.0	-71.0	9.0
-18.0	-41.0	-5.0
-6.0	-54.0	28.0
4.0	-62.0	41.0
4.0	-40.0	12.0
15.0	-25.0	10.0
-18.0	-68.0	50.0
27.0	47.0	-3.0
-25.0	-58.0	-24.0
10.0	2.0	8.0
-8.0	3.0	5.0
37.0	-57.0	37.0
-30.0	-60.0	37.0
-4.0	-41.0	14.0
-5.0	-68.0	18.0
-25.0	6.0	47.0
20.0	-57.0	-24.0
7.0	-70.0	17.0
10.0	-72.0	0.0
37.0	-69.0	31.0
-48.0	-52.0	-2.0
-3.0	-61.0	40.0
6.0	28.0	18.0
-16.0	-30.0	-3.0
-37.0	12.0	3.0
-4.0	28.0	36.0
-19.0	2.0	57.0
8.0	18.0	42.0
-4.0	28.0	21.0
-40.0	34.0	7.0
-29.0	40.0	-6.0
17.0	-27.0	-4.0
56.0	-40.0	-2.0
-27.0	-44.0	-9.0
43.0	-53.0	-13.0
-38.0	-51.0	-17.0
-36.0	-72.0	32.0
-43.0	13.0	25.0
6.0	-51.0	19.0
41.0	15.0	27.0
-23.0	49.0	8.0
-6.0	-71.0	-2.0
-38.0	9.0	45.0

// 19279244-1
// Subjects=20
66.5	-5.3	16.8
47.0	2.8	-1.5
52.6	-74.0	-4.0
47.0	2.8	-1.5
63.0	-2.9	-7.9
65.2	-3.0	-9.0
-31.4	-25.0	73.1
65.2	-3.0	-9.0
-58.7	-14.7	2.3
3.6	-52.0	23.7
25.6	-28.9	-24.2
47.0	2.8	-1.5
-38.2	-33.0	11.4
-61.0	4.9	-19.4
52.6	-74.0	-4.0
47.0	2.8	-1.5
52.6	-74.0	-4.0
65.2	-3.0	-9.0
-6.3	54.1	33.8
-17.1	61.4	20.0
12.6	-36.2	-48.0
47.0	2.8	-1.5
39.7	-27.4	7.8
5.2	62.3	1.8
3.6	-52.0	23.7
9.7	47.2	26.4
-6.3	54.1	33.8
-47.7	-55.8	20.1
63.0	-2.9	-7.9
-44.8	19.5	17.1
-42.4	7.9	45.9
3.6	-52.0	23.7
21.6	22.1	30.6
40.8	-24.4	5.3
-14.6	-43.2	28.7
-6.1	-54.7	17.3
-14.6	-43.2	28.7
63.0	-2.9	-7.9
47.0	2.8	-1.5
-57.6	-17.0	0.2
-6.1	-54.7	17.3
-6.1	-54.7	17.3
-38.2	-33.0	11.4
59.8	-3.0	-7.9
7.6	50.6	29.5
-50.1	19.9	22.7
27.7	-29.1	-26.5
-38.2	-31.9	12.4
-3.8	13.4	58.4
34.4	-26.3	8.9
-7.3	51.9	32.9
41.9	-19.9	8.3
-38.2	-33.0	11.4
40.8	-24.4	5.3
-6.0	20.7	56.7
-45.8	-33.4	7.1
-10.8	-70.0	-42.7
-12.5	-56.0	14.2
-43.6	-27.8	11.0
19.3	-34.5	-12.6
-58.7	-14.7	2.3
-58.7	-14.7	2.3
-57.6	-12.6	2.1
-57.6	-12.6	2.1
67.4	-6.4	2.4
44.0	-16.9	5.8
-38.2	-31.9	12.4
-38.2	-31.9	12.4
7.9	-47.7	23.3
44.0	-17.9	7.0
40.8	-24.4	5.3
34.4	-26.3	8.9
33.3	-27.2	11.2
-45.8	-33.4	7.1
-14.6	-43.2	28.7
67.4	-6.4	2.4
67.4	-6.4	2.4
10.0	-49.9	22.3
34.4	28.3	26.6
-6.3	54.1	33.8
-13.5	-55.9	16.4
-42.5	-33.3	8.1
-56.8	5.5	-25.1
-32.0	-17.7	-11.1
-36.2	-35.1	-1.8
-57.6	-12.6	2.1
-34.9	-63.2	19.5
-45.8	-33.4	7.1
-30.9	-30.5	-12.3
14.2	-52.9	11.4
-1.7	-50.2	33.6
-30.9	-30.5	-12.3
14.0	0.8	3.5
-31.0	-31.8	-14.4
-31.0	-31.8	-14.4
-31.0	-31.8	-14.4
19.3	-35.5	-12.5
5.1	43.9	-15.6
0.0	-27.2	-12.9
19.3	-36.6	-12.4
34.4	28.3	26.6
19.3	-34.5	-12.6
-4.1	-11.6	10.3
61.2	-47.3	10.3
-30.9	-30.5	-12.3
-11.8	-11.2	-11.9
6.5	16.3	12.3
-41.3	-24.0	31.9
-29.9	-27.6	-15.9
44.0	-17.9	7.0
-16.0	39.1	19.6
-10.6	12.8	9.5
39.8	-41.4	5.6
-13.5	-55.9	16.4
20.2	-68.1	-48.8
-31.1	-54.1	-41.6
34.4	28.3	26.6
34.4	28.3	26.6
-13.5	-55.9	16.4
-31.2	-56.1	-53.7
9.7	14.3	13.6
44.0	-17.9	7.0
19.3	-34.5	-12.6
19.5	-49.7	11.0
-29.9	-17.5	-8.9
-23.5	-36.0	-15.3
47.1	-25.6	-10.3
-42.9	17.7	-20.7
-38.4	-77.3	-23.9
7.9	-47.7	23.3
-57.7	-26.4	-11.2
7.9	-47.7	23.3
-6.0	-52.6	30.5
-24.8	-33.2	-46.7
14.3	13.2	53.8
60.9	-3.0	-7.9
-31.0	-33.8	-26.5
34.4	-26.3	8.9
60.9	-3.0	-7.9
-17.1	43.0	15.9
58.8	-4.2	-10.0
-28.8	-26.3	-12.7
58.8	-4.2	-10.0
19.5	-49.7	11.0
41.9	-19.9	8.3
-56.6	-24.2	-10.3
-5.1	-74.2	-1.1
19.5	-49.7	11.0
-29.9	-30.8	-15.6
-24.8	-33.2	-46.7
11.9	17.7	15.5
-9.5	13.1	13.9
60.9	-3.0	-7.9
-1.0	-7.2	-2.3
-7.6	-48.5	-40.1
-34.9	-63.2	19.5
58.8	-4.2	-10.0
-24.8	-33.2	-46.7
41.9	-19.9	8.3

// 19285142-1
// Subjects=20
29.0	-62.0	37.0
-28.0	-85.0	6.0
38.0	-19.0	1.0
-34.0	-47.0	37.0
48.0	-32.0	-2.0
-2.0	-82.0	8.0
7.0	-74.0	8.0
-29.0	-89.0	-9.0
-34.0	-47.0	37.0
-6.0	-60.0	14.0
-10.0	-48.0	4.0
41.0	-59.0	11.0
-29.0	-89.0	-12.0
11.0	-19.0	10.0
-8.0	6.0	54.0
-34.0	-49.0	-19.0
-4.0	22.0	37.0
56.0	-24.0	-5.0
9.0	-43.0	1.0
-62.0	-47.0	37.0
-14.0	-68.0	25.0
8.0	-61.0	5.0
60.0	-29.0	12.0
-11.0	-19.0	7.0
-33.0	24.0	2.0
-57.0	-58.0	40.0
49.0	-51.0	-6.0
13.0	9.0	2.0
-30.0	-60.0	41.0
31.0	24.0	5.0
-15.0	-72.0	47.0
44.0	-25.0	10.0
-28.0	-73.0	24.0
32.0	-64.0	47.0
32.0	-60.0	-20.0
-2.0	-18.0	45.0
38.0	-19.0	1.0
-5.0	8.0	52.0
23.0	-90.0	-7.0
-10.0	-48.0	4.0
39.0	-82.0	-6.0
40.0	-83.0	-5.0
32.0	-60.0	-27.0
-27.0	-13.0	23.0
-38.0	-23.0	2.0
4.0	12.0	47.0
-39.0	-76.0	0.0
-36.0	-56.0	-29.0
50.0	-54.0	18.0
-46.0	17.0	30.0
54.0	-46.0	37.0
58.0	-13.0	3.0
29.0	-74.0	25.0
38.0	4.0	35.0
-39.0	-60.0	-15.0
-27.0	-58.0	43.0
22.0	-88.0	-6.0
-4.0	-62.0	11.0
51.0	-45.0	15.0
40.0	-62.0	-11.0
-50.0	5.0	30.0
-39.0	-76.0	0.0
29.0	-62.0	37.0
-27.0	-58.0	43.0
8.0	-61.0	5.0
-29.0	-89.0	-9.0
11.0	-19.0	10.0
-4.0	22.0	37.0
9.0	-43.0	1.0
56.0	-24.0	-5.0
51.0	-45.0	15.0
-16.0	-91.0	-9.0
38.0	4.0	35.0
39.0	-82.0	-6.0
-4.0	-62.0	11.0
40.0	-62.0	-11.0
-45.0	-35.0	47.0
32.0	-64.0	47.0
-62.0	-47.0	37.0
-28.0	-85.0	6.0
-34.0	-49.0	-19.0
-29.0	-89.0	-12.0
49.0	-51.0	-6.0
-11.0	-19.0	7.0
48.0	-32.0	-2.0
-14.0	-68.0	25.0
-27.0	-13.0	23.0
-50.0	5.0	30.0
60.0	-29.0	12.0
-46.0	17.0	30.0
-6.0	-60.0	14.0
-16.0	-91.0	-9.0
40.0	-83.0	-5.0
4.0	12.0	47.0
-45.0	-35.0	47.0
22.0	-88.0	-6.0
29.0	-74.0	25.0
-33.0	24.0	2.0
-8.0	6.0	54.0
32.0	-60.0	-20.0
-5.0	8.0	52.0
32.0	-60.0	-27.0
-2.0	-82.0	8.0
-30.0	-60.0	41.0
23.0	-90.0	-7.0
-2.0	-18.0	45.0
50.0	-54.0	18.0
41.0	-59.0	11.0
-57.0	-58.0	40.0
44.0	-25.0	10.0
-39.0	-60.0	-15.0
13.0	9.0	2.0
7.0	-74.0	8.0
58.0	-13.0	3.0
31.0	24.0	5.0
-15.0	-72.0	47.0
54.0	-46.0	37.0
-28.0	-73.0	24.0
-36.0	-56.0	-29.0
-38.0	-23.0	2.0

// 19301994-1
// Subjects=20
-0.8	-21.6	54.4
-50.0	-63.6	32.2
-41.9	46.7	-3.6
-22.2	-77.2	48.4
25.9	-40.6	-5.1
-48.2	41.5	-5.4
11.3	-52.6	20.1
26.8	-32.6	-10.6
43.9	-21.6	15.1
-31.7	-47.9	45.8
5.4	-30.9	48.0
-12.9	-16.3	10.3
3.3	-59.8	-14.9
-8.2	-36.5	41.5
25.7	-32.0	61.4
-33.7	-86.1	1.1
30.9	-91.0	1.4
-50.3	-26.2	57.3
-45.5	-67.3	42.2
19.3	-75.1	46.2
-1.4	-12.8	45.0
-6.4	-47.7	31.2
-5.8	3.5	52.2
10.0	-66.7	46.6
-45.6	-30.2	47.1
-10.7	-72.8	38.2
-58.1	-9.9	34.3
50.1	-11.9	15.0
28.8	-31.0	72.8
-52.4	-24.4	13.9
36.5	-23.8	53.7
22.7	-9.2	-15.7
-45.2	-10.4	2.8
-27.3	-35.7	67.5
-26.1	-7.0	-16.9
2.1	26.4	38.1
10.2	-75.8	33.4
-9.5	30.0	27.0
42.0	-69.6	-5.9
22.8	-35.6	64.0
41.2	31.6	26.6
-45.6	17.8	30.8
30.6	22.4	-0.3
28.0	-61.0	38.5
-30.4	23.3	-1.5
-14.0	-66.9	36.1
-33.7	-58.7	44.6

// 19383503-1
// Subjects=20
-15.0	-33.0	75.0
48.0	-3.0	-36.0
-39.0	-27.0	-9.0
-9.0	39.0	-3.0
-57.0	-3.0	6.0
27.0	24.0	-24.0
-54.0	-3.0	-30.0
33.0	0.0	18.0
51.0	36.0	-3.0
-48.0	33.0	3.0
27.0	-9.0	-21.0
-6.0	-57.0	18.0
36.0	-90.0	21.0
-51.0	-33.0	9.0
-9.0	39.0	-9.0
-21.0	-12.0	-18.0
-3.0	-9.0	42.0
-3.0	15.0	-9.0
6.0	21.0	60.0
36.0	9.0	60.0
-39.0	45.0	-18.0
-33.0	-69.0	48.0
-15.0	-33.0	39.0
57.0	24.0	27.0
6.0	21.0	60.0
-3.0	-9.0	42.0
27.0	57.0	-9.0
-45.0	-60.0	54.0
-51.0	-33.0	9.0
57.0	24.0	27.0
42.0	-57.0	42.0
-9.0	15.0	51.0
-3.0	33.0	39.0
-48.0	-48.0	57.0
-9.0	-18.0	6.0
-33.0	60.0	-6.0
-63.0	-51.0	-18.0
-57.0	12.0	33.0
-15.0	-33.0	75.0
-45.0	-60.0	54.0
0.0	-24.0	60.0
33.0	0.0	18.0
36.0	9.0	60.0
-24.0	54.0	-3.0
48.0	-3.0	-36.0
-57.0	12.0	33.0
-9.0	-18.0	6.0
12.0	-78.0	6.0
-15.0	-33.0	39.0
-39.0	-27.0	-9.0
-9.0	39.0	-9.0
-57.0	-3.0	6.0
-21.0	0.0	54.0
-63.0	-51.0	-18.0
-21.0	-12.0	-18.0
-33.0	-69.0	48.0
12.0	-78.0	6.0
-9.0	-75.0	45.0
-36.0	-96.0	9.0
-9.0	-75.0	45.0
-3.0	33.0	39.0
-9.0	39.0	-3.0
-48.0	33.0	3.0
-9.0	15.0	51.0
27.0	-9.0	-21.0
-21.0	0.0	54.0
-54.0	-3.0	-30.0
-6.0	-57.0	18.0
-3.0	15.0	-9.0
-33.0	60.0	-6.0
-39.0	45.0	-18.0
-48.0	-48.0	57.0
27.0	24.0	-24.0
42.0	-57.0	42.0
-24.0	54.0	-3.0
27.0	57.0	-9.0
-36.0	-96.0	9.0
24.0	-21.0	-21.0
36.0	-90.0	21.0
51.0	36.0	-3.0
24.0	-21.0	-21.0
0.0	-24.0	60.0

// 19400677-1
// Subjects=20
-45.7	11.5	36.8
-4.8	-70.1	37.6
-53.4	18.3	1.7
-40.5	24.2	22.2
12.1	-54.9	12.7
-1.8	-42.2	27.4
15.4	-64.4	27.9
-34.7	-63.4	45.1
-17.1	10.1	3.2
-5.0	-57.1	13.0
2.2	14.5	2.4
-1.9	30.4	43.6
3.2	13.4	2.2
60.2	-24.3	33.0
-44.9	18.3	1.0
-71.4	-31.5	5.9
45.1	-14.6	22.3
-3.9	19.0	47.9
-23.1	-79.9	9.6
54.9	-37.1	33.0
-25.6	-4.9	2.3
1.0	34.4	-1.3
-30.5	1.8	61.9
-0.6	-34.1	35.6
20.4	2.8	2.0
39.1	-61.9	44.2
-18.6	-47.8	52.6
-3.8	6.0	59.0

// 19413478-1
// Subjects=20
12.0	47.0	0.0
30.0	-74.0	29.0
-65.0	-22.0	20.0
21.0	46.0	-10.0
3.0	32.0	48.0
33.0	2.0	44.0
27.0	37.0	40.0
-62.0	-16.0	20.0
48.0	-45.0	30.0
30.0	20.0	52.0
42.0	-10.0	31.0
24.0	-40.0	13.0
45.0	22.0	40.0
-33.0	45.0	23.0
-21.0	-81.0	21.0
6.0	-57.0	30.0

// 19428683-1
// Subjects=20
-22.0	-30.0	-4.0
-22.0	-16.0	-20.0
-8.0	-64.0	22.0
54.0	0.0	-26.0
22.0	-94.0	-2.0
36.0	-62.0	44.0
-26.0	-62.0	44.0
2.0	30.0	42.0
-20.0	-64.0	-10.0
-50.0	-44.0	-2.0
-4.0	-42.0	28.0

// 19505443-1
// Subjects=20
14.9	26.1	-0.9
12.2	-41.5	35.5
21.2	43.4	34.3
-9.2	-31.9	-7.8
52.5	-36.0	46.3
30.5	18.5	-11.2
15.2	-47.2	52.6
44.6	16.6	-20.7
19.0	-93.6	16.9
34.4	37.1	8.7
-36.1	31.8	18.3
-16.4	-42.3	-32.9
19.7	-20.6	-22.3
25.1	-13.5	-9.0
42.5	4.2	-31.1
-21.4	24.0	-3.6
42.9	23.4	24.1
-6.7	-63.8	-3.6
21.1	18.1	47.6
-1.6	-33.8	-19.5

// 19524090-1
// Subjects=20
44.0	-68.0	-36.0
28.0	-84.0	-36.0
-16.0	-20.0	-24.0
20.0	-88.0	-36.0
4.0	-52.0	-48.0
12.0	56.0	28.0
-55.0	-26.0	23.0
28.0	-70.0	0.0
-44.0	-64.0	47.0
-51.0	1.0	11.0
48.0	-76.0	32.0
-52.0	16.0	4.0
56.0	-60.0	40.0
48.0	-54.0	6.0
-56.0	-64.0	36.0
-44.0	-64.0	28.0
55.0	-56.0	40.0
0.0	-44.0	-24.0
12.0	-52.0	32.0
-44.0	-84.0	4.0
-36.0	47.0	-2.0
16.0	38.0	-9.0
-28.0	-13.0	-23.0
67.0	-19.0	5.0
-36.0	0.0	12.0
-44.0	-81.0	8.0
-36.0	48.0	0.0
32.0	-4.0	20.0
52.0	-68.0	36.0
-36.0	-40.0	-8.0
-16.0	-20.0	-19.0
-48.0	28.0	4.0
-36.0	24.0	-16.0
-59.0	-43.0	-5.0
12.0	-49.0	32.0
4.0	-52.0	-38.0
-51.0	-52.0	47.0
-44.0	-61.0	29.0
-60.0	-44.0	-8.0
51.0	-64.0	36.0
-36.0	-47.0	2.0
44.0	-67.0	-27.0
28.0	-83.0	-26.0
-55.0	-60.0	36.0
-52.0	-12.0	-24.0
20.0	-88.0	-36.0
0.0	-44.0	-18.0
-48.0	27.0	2.0
-51.0	-13.0	-20.0
20.0	-87.0	-26.0
-16.0	32.0	44.0
-52.0	20.0	12.0
-48.0	35.0	-5.0
-44.0	-8.0	-36.0
-12.0	26.0	47.0
-52.0	-56.0	48.0
-48.0	-68.0	36.0
-12.0	24.0	52.0
-48.0	36.0	-4.0
-44.0	-9.0	-30.0
12.0	56.0	23.0
32.0	-3.0	19.0
48.0	-72.0	33.0
-51.0	16.0	3.0
-44.0	-68.0	48.0
20.0	-42.0	17.0
-60.0	-40.0	-8.0
12.0	-34.0	16.0
-48.0	-16.0	52.0
-40.0	-92.0	8.0
-48.0	-80.0	-4.0
-36.0	-28.0	60.0
-44.0	-16.0	60.0
-56.0	-28.0	24.0
-59.0	-39.0	-5.0
56.0	-4.0	8.0
44.0	-76.0	40.0
44.0	-8.0	8.0
51.0	-68.0	29.0
32.0	-43.0	-1.0
-51.0	20.0	10.0
-16.0	33.0	39.0
52.0	-72.0	28.0
20.0	-44.0	16.0
32.0	-44.0	-4.0
-48.0	-64.0	36.0
12.0	-36.0	16.0
40.0	0.0	8.0
28.0	-12.0	-16.0
-36.0	-48.0	0.0
-36.0	23.0	-15.0
20.0	-76.0	-32.0
-52.0	0.0	12.0
-20.0	-48.0	24.0
-44.0	-13.0	56.0
-24.0	-96.0	16.0
44.0	-36.0	4.0
28.0	-80.0	-36.0
28.0	-72.0	-4.0
44.0	-72.0	40.0
-44.0	-57.0	29.0
48.0	-30.0	20.0
48.0	-56.0	4.0
48.0	-32.0	20.0
68.0	-20.0	4.0
-40.0	-89.0	12.0
-48.0	-78.0	1.0
-44.0	-60.0	28.0
-48.0	-13.0	49.0
40.0	0.0	7.0
-28.0	-12.0	-28.0
44.0	-7.0	8.0
-40.0	-4.0	0.0
20.0	-75.0	-23.0
55.0	-4.0	8.0
-20.0	-45.0	24.0
-36.0	1.0	11.0
44.0	-35.0	5.0
-36.0	-39.0	-5.0
-40.0	-16.0	12.0
20.0	-87.0	-26.0
16.0	40.0	-8.0
28.0	-12.0	-13.0
-40.0	-15.0	12.0
-24.0	-92.0	19.0
28.0	-79.0	-26.0
-36.0	-24.0	56.0

// 19524092-1
// Subjects=20
48.0	-72.0	25.0
-15.0	-58.0	13.0
-26.0	-82.0	36.0
-26.0	-82.0	36.0
-26.0	-82.0	22.0
33.0	-44.0	-7.0
-19.0	-12.0	-12.0
19.0	-12.0	-12.0
7.0	-54.0	13.0
7.0	-54.0	13.0
11.0	55.0	8.0
45.0	-63.0	-13.0
-15.0	-94.0	22.0
-48.0	36.0	-2.0
37.0	-79.0	32.0
-7.0	56.0	29.0
-33.0	9.0	28.0
22.0	-71.0	39.0
48.0	-72.0	25.0
15.0	-54.0	13.0
-37.0	-90.0	19.0
-26.0	-94.0	22.0
-7.0	46.0	43.0
-37.0	-82.0	19.0
37.0	-79.0	32.0
52.0	-52.0	-13.0
4.0	-60.0	35.0
-26.0	-48.0	-14.0
11.0	58.0	4.0
33.0	-44.0	-7.0
-37.0	-84.0	-12.0
11.0	-94.0	15.0
-15.0	-84.0	-9.0
22.0	-67.0	42.0
15.0	-40.0	-1.0
15.0	-54.0	13.0
30.0	-48.0	-4.0
-15.0	-44.0	2.0
48.0	-48.0	-17.0
15.0	-40.0	-1.0
-30.0	-44.0	-4.0
-30.0	-44.0	-4.0
-30.0	-33.0	-14.0
-15.0	-44.0	2.0
-30.0	-33.0	-14.0
-30.0	-44.0	-7.0
48.0	25.0	-4.0
11.0	55.0	4.0
-45.0	-52.0	-20.0
7.0	-54.0	13.0
-11.0	-88.0	-2.0
15.0	-54.0	13.0
45.0	-48.0	-17.0
-37.0	-82.0	29.0
15.0	-54.0	13.0
7.0	-87.0	4.0
45.0	-63.0	-17.0
45.0	-63.0	-13.0
45.0	-80.0	-6.0
22.0	-67.0	42.0
-45.0	-59.0	-23.0
-45.0	-59.0	-23.0
11.0	58.0	4.0
11.0	55.0	8.0
52.0	-15.0	-9.0
-37.0	-82.0	29.0
33.0	-83.0	22.0
37.0	-83.0	22.0
37.0	-79.0	22.0
7.0	-54.0	13.0
15.0	-54.0	13.0
-30.0	-90.0	19.0

// 19559070-1
// Subjects=20
-45.0	31.0	15.0
-52.0	24.0	22.0
-52.0	17.0	22.0
18.0	59.0	29.0
-24.0	17.0	50.0
-45.0	38.0	15.0
-59.0	-18.0	36.0
18.0	31.0	-20.0
-24.0	-11.0	64.0
-38.0	17.0	57.0
-45.0	24.0	43.0
-45.0	31.0	29.0

// 19647800-1
// Subjects=20
30.0	-67.0	52.0
13.0	-78.0	-3.0
-34.0	-53.0	-26.0
-15.0	-22.0	8.0
8.0	-67.0	-9.0
-38.0	-1.0	56.0
-15.0	-92.0	-2.0
-42.0	-3.0	10.0
27.0	22.0	-4.0
-8.0	-76.0	42.0
11.0	-35.0	37.0
14.0	-74.0	-19.0
8.0	41.0	5.0
46.0	-72.0	28.0
0.0	10.0	52.0
-23.0	42.0	33.0
4.0	-62.0	31.0
64.0	-43.0	27.0
-15.0	-65.0	24.0
-46.0	5.0	27.0
-30.0	-72.0	31.0
23.0	-74.0	0.0
4.0	52.0	1.0
-11.0	-74.0	-3.0
8.0	-82.0	-21.0
-19.0	-88.0	-2.0
49.0	-77.0	14.0
-30.0	-11.0	-6.0
-38.0	-1.0	56.0
-15.0	-4.0	8.0
27.0	39.0	33.0
-4.0	11.0	56.0
11.0	59.0	4.0
-46.0	20.0	24.0
-34.0	-24.0	50.0
-30.0	-12.0	57.0
46.0	-72.0	28.0
-52.0	16.0	24.0
-49.0	-58.0	31.0
19.0	17.0	52.0
4.0	-62.0	31.0
8.0	41.0	-5.0
-15.0	-65.0	24.0
-49.0	-27.0	40.0

// 19674742-1
// Subjects=20
-34.0	44.0	-12.0
50.0	40.0	-7.0
48.0	39.0	4.0
-55.0	23.0	30.0
-8.0	61.0	30.0
-50.0	27.0	26.0
51.0	27.0	30.0
-4.0	53.0	7.0
53.0	34.0	19.0
-26.0	54.0	27.0
24.0	16.0	42.0
-30.0	21.0	-4.0
50.0	41.0	-2.0
-42.0	22.0	30.0
50.0	36.0	18.0
-24.0	54.0	27.0
53.0	38.0	24.0
34.0	56.0	26.0
-34.0	42.0	31.0
36.0	56.0	-6.0

// 19720072-1
// Subjects=20
-36.0	21.0	-33.0
-12.0	-54.0	33.0
36.0	-75.0	-18.0
6.0	-51.0	12.0
-3.0	-60.0	9.0
51.0	-3.0	-27.0
51.0	-3.0	-27.0
45.0	-81.0	18.0
57.0	3.0	-24.0
24.0	-21.0	-18.0
3.0	63.0	9.0
39.0	21.0	-33.0
-33.0	-39.0	-27.0
-42.0	-51.0	-21.0
-30.0	-18.0	-18.0
24.0	-18.0	-18.0
-27.0	-15.0	-24.0
-3.0	-60.0	45.0
45.0	15.0	-21.0
0.0	51.0	-15.0
-6.0	39.0	-21.0
30.0	33.0	18.0
36.0	-54.0	-21.0
0.0	-48.0	27.0
-30.0	3.0	-21.0
-30.0	33.0	-18.0
18.0	-27.0	-15.0
-3.0	-78.0	-21.0
-3.0	-81.0	-21.0
-39.0	-84.0	18.0
-24.0	-39.0	-12.0
-54.0	-18.0	-15.0
33.0	-78.0	21.0
12.0	-48.0	51.0
-42.0	-63.0	-15.0
6.0	42.0	-9.0
60.0	-18.0	-12.0
39.0	-54.0	-42.0
48.0	-3.0	-33.0
24.0	3.0	-18.0
-24.0	-36.0	-21.0
0.0	51.0	-15.0
30.0	30.0	-18.0
-30.0	6.0	-30.0
-3.0	21.0	-12.0
-39.0	-75.0	-18.0
63.0	-36.0	3.0
-39.0	-87.0	-3.0
-26.0	-78.0	-21.0
-30.0	33.0	-18.0
-33.0	24.0	-12.0
24.0	-18.0	-18.0
42.0	24.0	-33.0
39.0	-63.0	15.0
42.0	-54.0	-18.0
-54.0	-12.0	-18.0
-51.0	-12.0	-30.0
33.0	-87.0	-3.0
-3.0	60.0	-3.0
6.0	-57.0	3.0
-39.0	-54.0	-45.0
-39.0	-51.0	-15.0
-24.0	-78.0	-21.0
12.0	-51.0	33.0
-9.0	-57.0	42.0
6.0	-75.0	-45.0
63.0	-39.0	3.0
-36.0	-39.0	-27.0
21.0	-33.0	-18.0
-6.0	-57.0	45.0
27.0	-33.0	-21.0
36.0	27.0	33.0
33.0	-51.0	-18.0
30.0	-6.0	-30.0
-39.0	-75.0	-21.0
45.0	-81.0	-9.0
-42.0	-51.0	-18.0
42.0	-57.0	-42.0
30.0	-6.0	-33.0
39.0	-66.0	-27.0
-27.0	-21.0	-21.0
6.0	-63.0	27.0
51.0	-66.0	12.0
-48.0	-66.0	18.0
21.0	-27.0	-15.0
45.0	-81.0	-9.0
36.0	-48.0	-18.0
33.0	-84.0	9.0
-9.0	-84.0	-33.0
-42.0	-60.0	-24.0
30.0	-75.0	-15.0

// 19733581-1
// Subjects=20
-29.5	-92.4	14.1
39.7	-42.5	-7.7
-8.3	-60.4	-1.1
7.9	-83.2	18.4
22.8	-63.7	8.8
34.1	-11.5	-20.2
44.0	-56.8	-0.9
-75.7	-25.0	7.8
-40.3	-69.8	4.5
-39.5	37.4	13.3
-27.7	-29.6	-0.2
30.7	11.2	-42.2
-50.4	7.1	-19.7
-36.4	-68.5	-48.1

// 19744566-1
// Subjects=20
-8.0	35.0	9.0
-40.0	-81.0	15.0
-55.0	-51.0	-8.0
0.0	-61.0	21.0
-36.0	-52.0	39.0
32.0	-53.0	36.0
40.0	-28.0	-19.0
-8.0	-79.0	45.0
-48.0	-20.0	-2.0
48.0	-20.0	-2.0
-4.0	50.0	-6.0
-4.0	-70.0	3.0
48.0	23.0	-11.0
-55.0	-53.0	21.0
-28.0	-20.0	-16.0
12.0	-83.0	45.0
4.0	-15.0	15.0
-63.0	-49.0	32.0
-36.0	38.0	-9.0
12.0	15.0	-4.0
51.0	8.0	-4.0

// 19786107-1
// Subjects=20
-23.0	-6.0	-20.0
23.0	-32.0	-1.0
29.0	-21.0	-8.0
-16.0	-31.0	-3.0
22.0	-6.0	-20.0
27.0	-22.0	-11.0
-14.0	-34.0	1.0
-27.0	-21.0	-9.0
-21.0	-30.0	-4.0
19.0	-28.0	-2.0
-15.0	-36.0	4.0

// 19835893-1
// Subjects=20
-48.0	-39.0	51.0
-9.0	-21.0	-21.0
-27.0	-6.0	57.0
-6.0	-51.0	15.0
-15.0	-27.0	-3.0
36.0	-87.0	-6.0
21.0	-12.0	-18.0
48.0	-33.0	48.0
-54.0	-24.0	33.0
45.0	15.0	33.0
45.0	30.0	36.0
-24.0	-18.0	-18.0
-9.0	48.0	0.0
51.0	-3.0	-27.0
-12.0	48.0	21.0
0.0	-51.0	33.0
6.0	-60.0	51.0
-48.0	6.0	9.0
-48.0	-72.0	30.0
36.0	-12.0	18.0
51.0	-9.0	33.0
-54.0	-6.0	-27.0
45.0	-66.0	24.0
-21.0	33.0	45.0

// 19895564-1
// Subjects=20
54.0	12.0	-9.0
-39.0	0.0	18.0
-3.0	-60.0	27.0
15.0	0.0	60.0
0.0	-6.0	54.0
-60.0	-54.0	0.0
36.0	-27.0	-6.0
-54.0	-63.0	30.0
-30.0	-33.0	-3.0
-21.0	-12.0	54.0
45.0	-75.0	3.0
-33.0	60.0	3.0
42.0	18.0	45.0
39.0	-39.0	66.0
30.0	3.0	12.0
-30.0	36.0	27.0
-39.0	-69.0	45.0
-3.0	-42.0	51.0
-51.0	-66.0	33.0
0.0	6.0	51.0
-3.0	-36.0	39.0
39.0	-21.0	60.0
-6.0	-60.0	27.0
-3.0	-60.0	30.0
9.0	-12.0	54.0
-39.0	-69.0	42.0
-6.0	-57.0	12.0
-15.0	-54.0	12.0
33.0	39.0	33.0

// 20007242-1
// Subjects=20
2.0	56.0	-13.0
-18.0	58.0	32.0
-28.0	27.0	37.0
26.0	60.0	3.0
2.0	33.0	41.0
50.0	-70.0	33.0
-12.0	-1.0	18.0
10.0	1.0	18.0
-57.0	-7.0	-20.0
26.0	29.0	45.0
-40.0	-56.0	43.0
-6.0	-50.0	37.0
-60.0	-22.0	-11.0
-20.0	64.0	-7.0

// 20060480-1
// Subjects=20
-30.0	58.0	18.0
2.0	-62.0	52.0
-8.0	56.0	16.0
-10.0	-80.0	-6.0
12.0	-92.0	0.0
-54.0	-56.0	28.0
46.0	-74.0	18.0
2.0	-82.0	8.0
-4.0	-56.0	58.0
-6.0	-54.0	58.0
30.0	-78.0	-10.0
-28.0	-86.0	-22.0
-8.0	-80.0	-6.0
10.0	-56.0	50.0
-50.0	-38.0	-18.0
30.0	34.0	28.0
26.0	-78.0	-16.0
-12.0	4.0	6.0
-52.0	12.0	26.0
8.0	18.0	34.0
14.0	-78.0	-4.0
8.0	-24.0	-12.0
-6.0	-26.0	-14.0
12.0	6.0	4.0
-56.0	-18.0	0.0
10.0	-98.0	14.0
-28.0	26.0	0.0
12.0	6.0	4.0
32.0	24.0	0.0
56.0	-24.0	2.0
-18.0	-2.0	18.0
-46.0	-12.0	38.0
-42.0	-80.0	-6.0
0.0	38.0	2.0
12.0	-78.0	-4.0
20.0	-66.0	60.0
38.0	-42.0	-28.0
-42.0	-50.0	-18.0
0.0	6.0	64.0
50.0	-54.0	-34.0
-34.0	-62.0	-30.0
34.0	-92.0	6.0
36.0	32.0	-16.0
24.0	-64.0	-26.0
-28.0	-60.0	58.0
-32.0	-90.0	14.0
-4.0	18.0	44.0
-54.0	0.0	44.0
8.0	36.0	16.0
50.0	-58.0	24.0
44.0	-78.0	-8.0
-56.0	16.0	20.0
18.0	10.0	4.0
48.0	-6.0	32.0
-56.0	-42.0	6.0
-6.0	6.0	58.0
-48.0	26.0	-16.0
-46.0	-14.0	32.0
-4.0	14.0	24.0
16.0	-98.0	-8.0
-30.0	-86.0	-14.0
16.0	-98.0	0.0
-12.0	-14.0	6.0
-46.0	10.0	26.0
40.0	-62.0	-20.0
28.0	42.0	16.0
-50.0	28.0	14.0
-58.0	-36.0	-2.0
-54.0	-10.0	22.0

// 20097295-1
// Subjects=20
22.0	-32.0	0.0
-40.0	14.0	26.0
42.0	-60.0	26.0
3.0	2.0	1.0
-8.0	-56.0	16.0
6.0	5.0	4.0
6.0	5.0	4.0
6.0	5.0	4.0
4.0	3.0	2.0
6.0	5.0	4.0
3.0	2.0	1.0
6.0	5.0	4.0
4.0	3.0	2.0
3.0	2.0	1.0
4.0	3.0	2.0
-4.0	52.0	8.0
-22.0	-20.0	-18.0
46.0	-16.0	44.0
4.0	3.0	2.0
4.0	3.0	2.0
4.0	3.0	2.0
4.0	3.0	2.0
-40.0	-74.0	24.0
4.0	3.0	2.0
-50.0	-44.0	20.0
-28.0	20.0	52.0
32.0	-30.0	54.0
0.0	-38.0	34.0
6.0	42.0	0.0
-18.0	-44.0	54.0
26.0	-20.0	-6.0
4.0	3.0	2.0
3.0	2.0	1.0
4.0	3.0	2.0
8.0	8.0	46.0
62.0	-36.0	8.0
-48.0	-8.0	14.0
46.0	22.0	36.0
50.0	-4.0	-12.0
8.0	32.0	38.0
-32.0	14.0	0.0
-12.0	4.0	42.0
30.0	8.0	16.0
3.0	2.0	1.0
-32.0	-12.0	2.0
-28.0	42.0	24.0
-48.0	8.0	16.0
-12.0	32.0	36.0
2.0	-62.0	-24.0
-46.0	18.0	24.0
-38.0	-54.0	42.0
42.0	-22.0	-14.0
-38.0	-44.0	10.0
-32.0	-60.0	30.0
-50.0	-52.0	-20.0
6.0	-76.0	40.0
-14.0	-68.0	50.0
-36.0	-34.0	-18.0
12.0	8.0	8.0
22.0	-4.0	60.0
12.0	-58.0	14.0
8.0	-66.0	46.0
20.0	44.0	36.0
-38.0	-70.0	-12.0
-34.0	52.0	6.0
-20.0	-84.0	14.0
12.0	-86.0	-6.0

// 20123026-1
// Subjects=20
-24.0	-18.0	56.0
-4.0	-92.0	-6.0
-6.0	-54.0	18.0
48.0	-50.0	52.0
38.0	-68.0	50.0
-58.0	-68.0	18.0
-34.0	10.0	48.0
42.0	-18.0	56.0
34.0	-42.0	-12.0
-60.0	-10.0	-22.0
48.0	-62.0	24.0
36.0	-50.0	40.0
-12.0	-2.0	20.0
36.0	2.0	64.0
18.0	-102.0	4.0
-22.0	34.0	44.0
-8.0	-20.0	-12.0
-52.0	-58.0	26.0
-42.0	40.0	18.0
4.0	8.0	-8.0
-40.0	10.0	38.0
-6.0	46.0	2.0
-62.0	-14.0	-30.0
-60.0	-48.0	-6.0
14.0	16.0	4.0
-22.0	-54.0	-30.0
-4.0	-60.0	34.0
6.0	-8.0	36.0
28.0	58.0	0.0
26.0	60.0	-2.0
-48.0	30.0	-16.0
-44.0	-88.0	-4.0
18.0	-62.0	28.0
-28.0	62.0	4.0
34.0	-68.0	-34.0
10.0	-82.0	-26.0
12.0	-80.0	-26.0
44.0	-16.0	56.0
54.0	26.0	12.0
-44.0	32.0	-14.0
-44.0	-56.0	50.0
-28.0	28.0	36.0
-8.0	-66.0	32.0
-16.0	6.0	-12.0
32.0	-36.0	62.0
20.0	-62.0	28.0
-8.0	12.0	26.0
14.0	16.0	4.0
38.0	-70.0	44.0
44.0	32.0	-16.0
-14.0	-8.0	58.0
12.0	10.0	8.0
2.0	10.0	-12.0
44.0	-16.0	56.0
-42.0	-60.0	44.0
-10.0	-64.0	32.0
-2.0	56.0	18.0
-16.0	42.0	48.0
58.0	32.0	0.0
-4.0	34.0	36.0
-4.0	-60.0	36.0
-10.0	14.0	60.0
40.0	-54.0	-16.0
14.0	-66.0	56.0
36.0	2.0	64.0

// 20147540-1
// Subjects=20
-19.0	4.0	49.0
-23.0	-30.0	-15.0
-23.0	-26.0	-11.0
19.0	8.0	-8.0
45.0	-30.0	15.0
19.0	-4.0	-15.0
26.0	-23.0	64.0
34.0	-8.0	-41.0
-45.0	30.0	38.0
-30.0	-68.0	34.0
30.0	-30.0	56.0
23.0	0.0	-11.0
-23.0	-8.0	0.0
-19.0	64.0	19.0
-41.0	30.0	38.0
-45.0	4.0	-41.0
-8.0	49.0	0.0
-53.0	30.0	-8.0
23.0	0.0	-19.0
-8.0	-23.0	-4.0
-53.0	11.0	0.0
-23.0	-79.0	-30.0
-34.0	-34.0	-8.0
53.0	8.0	38.0
11.0	-101.0	0.0
-19.0	-23.0	-19.0
-8.0	-75.0	56.0
-23.0	-4.0	-26.0
-30.0	-71.0	11.0
26.0	-4.0	68.0
-60.0	-56.0	-11.0
-60.0	-49.0	41.0
-38.0	45.0	30.0
-34.0	41.0	19.0
-45.0	-53.0	38.0
-11.0	-53.0	34.0
53.0	11.0	-4.0
26.0	-19.0	0.0
0.0	-4.0	38.0
-26.0	23.0	-19.0
45.0	-49.0	60.0
64.0	-23.0	15.0
-26.0	-4.0	19.0

// 20226767-1
// Subjects=20
32.0	22.0	0.0
-44.0	28.0	30.0
-26.0	10.0	-2.0
32.0	52.0	4.0
40.0	28.0	20.0
-30.0	50.0	8.0

// 20232398-1
// Subjects=20
25.5	-10.5	-21.0
-25.5	-34.5	-16.5
21.0	-10.5	-16.5
25.5	-16.5	-19.5
-22.5	-18.0	-16.5

// 20350180-1
// Subjects=20
-12.0	-54.0	68.0
52.0	-70.0	-6.0
-6.0	-80.0	-42.0
24.0	-36.0	-32.0
28.0	-54.0	-34.0
60.0	-54.0	-16.0
44.0	42.0	26.0
8.0	-2.0	-10.0
-36.0	-36.0	-2.0
-46.0	-24.0	-18.0
-26.0	2.0	70.0
-12.0	-62.0	70.0
-42.0	-14.0	20.0
18.0	-40.0	54.0
-32.0	22.0	-4.0
-18.0	0.0	-2.0
36.0	-24.0	0.0
32.0	-68.0	-24.0
-38.0	-26.0	54.0
30.0	-24.0	48.0
-32.0	58.0	22.0
18.0	-42.0	56.0
-32.0	-68.0	0.0
58.0	-26.0	38.0
50.0	-36.0	50.0
30.0	-46.0	70.0
24.0	-50.0	56.0
-10.0	-72.0	32.0
-4.0	-24.0	-2.0
28.0	-18.0	-22.0
26.0	2.0	50.0
-4.0	-78.0	-18.0
16.0	-72.0	60.0
-6.0	26.0	36.0
42.0	-24.0	2.0
22.0	0.0	50.0
-58.0	-36.0	8.0
34.0	20.0	-10.0
22.0	-10.0	76.0

// 20363808-1
// Subjects=20
-6.0	22.0	40.0
48.0	21.0	18.0
-24.0	-24.0	-6.0
9.0	-11.0	23.0
21.0	-54.0	28.0
24.0	-24.0	-6.0
42.0	-84.0	7.0
36.0	-79.0	-1.0
-3.0	-16.0	26.0
3.0	20.0	52.0
-6.0	-68.0	45.0
-27.0	-15.0	-12.0
-42.0	16.0	24.0
9.0	-77.0	-29.0
42.0	33.0	9.0
-39.0	-12.0	61.0
-18.0	9.0	2.0
3.0	-60.0	-32.0
-33.0	29.0	-6.0
39.0	10.0	22.0
39.0	-48.0	-18.0
-39.0	-50.0	41.0
-6.0	-65.0	36.0
12.0	-68.0	48.0
-39.0	32.0	7.0
12.0	-62.0	34.0
12.0	25.0	37.0

// 20399796-1
// Subjects=20
-33.0	-25.0	16.0
54.0	11.0	-8.0
0.0	-34.0	-20.0
48.0	5.0	10.0
-33.0	44.0	16.0
-24.0	11.0	-20.0
12.0	-67.0	31.0
-48.0	5.0	10.0
-24.0	32.0	37.0
-3.0	-31.0	28.0
-3.0	29.0	37.0
0.0	23.0	13.0
9.0	-58.0	28.0
12.0	-25.0	-8.0
-27.0	-85.0	10.0
-33.0	-34.0	-14.0
45.0	-61.0	40.0
30.0	-31.0	46.0
15.0	-94.0	-5.0
27.0	-29.0	-10.0
30.0	-64.0	-11.0
57.0	-46.0	31.0
-39.0	7.0	16.0
60.0	-22.0	25.0
33.0	20.0	7.0
-42.0	17.0	-14.0
-21.0	-70.0	43.0
-6.0	-10.0	55.0
6.0	-61.0	28.0
0.0	-7.0	52.0
24.0	26.0	43.0
-51.0	-22.0	19.0
-24.0	-35.0	-11.0
30.0	-67.0	-8.0
-18.0	-31.0	-5.0
-27.0	-67.0	-11.0
-33.0	35.0	22.0
-3.0	-79.0	31.0
27.0	-34.0	-11.0
36.0	-73.0	-8.0
42.0	-1.0	31.0
-9.0	-1.0	7.0
-9.0	-19.0	-8.0
36.0	-25.0	55.0
-1.0	-22.0	49.0
3.0	-19.0	49.0
-42.0	-16.0	46.0
54.0	17.0	-8.0
-51.0	-28.0	46.0
36.0	-25.0	28.0
24.0	-70.0	-17.0
-54.0	-37.0	13.0
-21.0	-91.0	-5.0
-42.0	-58.0	-11.0
15.0	-46.0	-17.0
-18.0	-43.0	-23.0
-30.0	-79.0	-17.0
-54.0	-58.0	-2.0
3.0	-4.0	55.0
21.0	-4.0	4.0
-33.0	-37.0	-26.0
-6.0	-22.0	-11.0
39.0	-58.0	16.0
9.0	-1.0	7.0
0.0	-28.0	28.0
24.0	-61.0	61.0
54.0	-55.0	-2.0
57.0	-37.0	-5.0
21.0	-46.0	-20.0
-24.0	-52.0	-20.0
-60.0	-37.0	-8.0
0.0	-73.0	34.0
54.0	-37.0	19.0
57.0	-22.0	19.0
12.0	2.0	10.0
33.0	-64.0	34.0
-6.0	-67.0	34.0
-6.0	-13.0	58.0
-2.0	-34.0	31.0
39.0	-7.0	52.0
-15.0	-16.0	1.0
-3.0	-34.0	31.0
-57.0	17.0	31.0
42.0	-64.0	40.0

// 20631183-1
// Subjects=20
-22.0	-24.0	-20.0
32.0	-26.0	-22.0
34.0	-40.0	-12.0
-24.0	-10.0	-20.0
-26.0	-10.0	-20.0
-32.0	-38.0	-14.0
-24.0	-38.0	-14.0
30.0	-12.0	-20.0
-12.0	-36.0	0.0

// 20637787-1
// Subjects=20
-52.0	20.0	20.0
-44.0	0.0	6.0
-36.0	-56.0	40.0
20.0	42.0	18.0
-26.0	40.0	20.0
14.0	-32.0	-10.0
-20.0	-10.0	62.0
-54.0	10.0	16.0
26.0	-37.0	6.0
6.0	-44.0	20.0
-14.0	-70.0	42.0
-34.0	28.0	4.0
-54.0	10.0	16.0
-18.0	-32.0	-6.0
36.0	26.0	2.0
-52.0	20.0	20.0
-8.0	-48.0	24.0
6.0	-44.0	20.0
-32.0	-2.0	2.0
-30.0	-71.0	2.0
-20.0	-10.0	62.0
-24.0	-50.0	52.0
26.0	-28.0	-18.0
36.0	28.0	2.0
-52.0	16.0	-6.0

// 20740073-1
// Subjects=20
-31.0	14.0	38.0
-21.0	-29.0	-7.0
-46.0	-63.0	14.0
-13.0	-77.0	27.0
52.0	-58.0	31.0
-18.0	-71.0	-9.0

// 20832483-1
// Subjects=20
27.0	54.0	39.0
-21.0	62.0	30.0
-20.0	68.0	22.0
55.0	44.0	-4.0
-41.0	54.0	20.0
-39.0	60.0	10.0
-53.0	31.0	26.0
-58.0	21.0	3.0
-37.0	64.0	-1.0
70.0	-7.0	18.0
40.0	64.0	-1.0
-39.0	60.0	10.0
-53.0	31.0	26.0
-17.0	72.0	12.0
-58.0	5.0	39.0
25.0	46.0	46.0
-21.0	62.0	30.0
-61.0	14.0	22.0
-58.0	5.0	39.0
-37.0	64.0	-1.0
-41.0	54.0	20.0
-66.0	-12.0	35.0
-49.0	22.0	45.0
-66.0	-12.0	35.0
25.0	46.0	46.0
-23.0	47.0	45.0
-49.0	22.0	45.0
-54.0	39.0	6.0
-67.0	-4.0	17.0
-17.0	72.0	12.0
60.0	19.0	4.0
40.0	64.0	-1.0
58.0	37.0	7.0
46.0	44.0	30.0
-20.0	68.0	22.0
-23.0	54.0	39.0
27.0	54.0	39.0
-42.0	46.0	29.0
51.0	20.0	46.0
43.0	60.0	9.0
62.0	2.0	41.0
43.0	60.0	9.0
25.0	62.0	29.0
40.0	34.0	48.0
46.0	53.0	20.0
24.0	68.0	22.0
62.0	2.0	41.0
25.0	62.0	29.0
21.0	72.0	10.0
46.0	44.0	30.0
65.0	11.0	23.0
55.0	44.0	-4.0
68.0	-16.0	37.0
46.0	53.0	20.0
68.0	-16.0	37.0
60.0	19.0	4.0
-61.0	14.0	22.0
56.0	29.0	27.0
51.0	20.0	46.0
-52.0	45.0	-4.0
70.0	-7.0	18.0
24.0	68.0	22.0
58.0	37.0	7.0
21.0	72.0	10.0
-67.0	-4.0	17.0
56.0	29.0	27.0
-52.0	45.0	-4.0
40.0	34.0	48.0
65.0	11.0	23.0
-37.0	35.0	45.0
-37.0	35.0	45.0
-54.0	39.0	6.0
-58.0	21.0	3.0
-42.0	46.0	29.0
-23.0	47.0	45.0
-23.0	54.0	39.0

// 20974213-1
// Subjects=20
2.0	-68.0	48.0
-50.0	-62.0	32.0
-6.0	36.0	16.0
48.0	-54.0	34.0

// 21316476-1
// Subjects=20
58.0	8.0	8.0
2.0	-34.0	66.0
6.0	-14.0	58.0
0.0	-34.0	62.0
-14.0	-32.0	78.0
-60.0	-38.0	-6.0
-8.0	-18.0	50.0
-68.0	-46.0	-12.0
32.0	-90.0	32.0
-40.0	-64.0	32.0
-42.0	-62.0	36.0
-4.0	-40.0	38.0
-32.0	-68.0	36.0
56.0	-32.0	22.0
-10.0	-18.0	74.0
-50.0	-52.0	38.0
-50.0	-56.0	30.0
-46.0	-62.0	36.0
-44.0	-68.0	30.0
-68.0	-42.0	-6.0
36.0	-66.0	-8.0
34.0	-90.0	22.0
-68.0	-30.0	-10.0
-42.0	-62.0	28.0
-64.0	-50.0	-12.0
-50.0	-68.0	26.0
-2.0	-40.0	46.0
42.0	-62.0	42.0
-4.0	-88.0	46.0
-12.0	-84.0	40.0
-12.0	-86.0	34.0
24.0	-20.0	52.0
34.0	-76.0	2.0
-2.0	-18.0	30.0
0.0	-40.0	8.0
8.0	-66.0	26.0
-12.0	-48.0	30.0
-32.0	-74.0	42.0
-8.0	12.0	4.0
-10.0	38.0	2.0
-42.0	-64.0	52.0
-58.0	-32.0	-12.0
-58.0	-42.0	-6.0
30.0	-96.0	18.0
-64.0	-36.0	0.0
-6.0	-66.0	24.0
-4.0	-48.0	30.0
58.0	-10.0	12.0
-58.0	-48.0	6.0
34.0	-22.0	20.0
-40.0	-72.0	36.0
-56.0	-22.0	-14.0
-54.0	-28.0	-12.0
-26.0	30.0	-14.0
-34.0	36.0	-10.0
-38.0	-66.0	26.0
-34.0	16.0	-18.0
-56.0	-44.0	-6.0
22.0	-20.0	-16.0
-62.0	-28.0	-6.0
-24.0	56.0	6.0
56.0	-6.0	12.0
-26.0	54.0	2.0
-24.0	50.0	-2.0
-14.0	-36.0	6.0
28.0	-44.0	-12.0
-20.0	-22.0	-10.0
-36.0	42.0	14.0
-52.0	-36.0	-14.0
48.0	-4.0	8.0
-6.0	42.0	8.0
-4.0	54.0	-2.0
-52.0	-40.0	-14.0
-16.0	54.0	18.0
-4.0	58.0	10.0
-14.0	-60.0	14.0
-10.0	-58.0	20.0
-22.0	22.0	60.0
-2.0	-54.0	28.0
-4.0	-38.0	32.0
30.0	-24.0	20.0
-24.0	-28.0	-8.0
-30.0	38.0	-12.0
-26.0	14.0	54.0
28.0	-22.0	-16.0
30.0	-28.0	-14.0
28.0	-34.0	-12.0
-28.0	-42.0	0.0
-6.0	-64.0	30.0
-6.0	50.0	14.0
-58.0	-6.0	-32.0
-2.0	-48.0	38.0
-58.0	-12.0	-32.0
-22.0	-28.0	-6.0
58.0	6.0	8.0
-34.0	-66.0	48.0
30.0	-38.0	-12.0
28.0	-34.0	60.0
-40.0	-70.0	28.0
-28.0	-84.0	8.0
-44.0	-72.0	24.0
24.0	-94.0	14.0
-56.0	-48.0	0.0
-58.0	-42.0	-8.0
-56.0	-24.0	-10.0
-52.0	-32.0	-12.0
-10.0	26.0	50.0
-58.0	-22.0	-16.0
46.0	-24.0	24.0
46.0	-12.0	14.0
-48.0	-42.0	-12.0
-38.0	-68.0	42.0
-10.0	16.0	-4.0
46.0	-12.0	18.0
-34.0	36.0	-12.0
-40.0	48.0	-2.0
-32.0	16.0	50.0
-4.0	54.0	-2.0
-8.0	52.0	4.0
-6.0	50.0	14.0
-8.0	16.0	70.0
-44.0	-60.0	42.0
-2.0	40.0	56.0
-30.0	16.0	52.0
-4.0	30.0	62.0
-38.0	-74.0	18.0
-4.0	-66.0	20.0
-22.0	22.0	62.0
-24.0	26.0	48.0
-28.0	-60.0	-2.0
-12.0	-58.0	14.0
-2.0	-50.0	20.0
-6.0	-42.0	32.0
-6.0	-50.0	28.0
-6.0	42.0	8.0
-10.0	-72.0	28.0
-20.0	-36.0	12.0
2.0	38.0	6.0
-48.0	-22.0	-14.0
-60.0	-16.0	-32.0
-8.0	54.0	-4.0
44.0	-86.0	4.0
-68.0	-28.0	-12.0
-42.0	-62.0	28.0
-38.0	-70.0	50.0
-56.0	-54.0	44.0
-36.0	-56.0	40.0
-12.0	58.0	34.0
8.0	8.0	12.0
-40.0	-70.0	40.0
-12.0	-54.0	24.0
-64.0	-44.0	-12.0
-54.0	-46.0	-10.0
-66.0	-48.0	-12.0
-34.0	-74.0	38.0
-28.0	54.0	-2.0
-56.0	0.0	-34.0
-50.0	0.0	-36.0
-60.0	-20.0	-32.0
-14.0	58.0	30.0
-46.0	-62.0	48.0
8.0	6.0	0.0
-42.0	-58.0	48.0
40.0	-24.0	16.0
-62.0	-42.0	-8.0
36.0	-24.0	64.0
-2.0	-46.0	42.0
26.0	-86.0	24.0
-2.0	-46.0	34.0
-54.0	-48.0	32.0
-40.0	-72.0	34.0
-14.0	-50.0	34.0
36.0	-88.0	6.0
28.0	-32.0	56.0
36.0	-82.0	10.0
30.0	-86.0	24.0
32.0	-86.0	12.0
-52.0	-52.0	30.0
38.0	-68.0	44.0
-46.0	-66.0	32.0
-4.0	40.0	54.0
-10.0	-82.0	34.0
-22.0	22.0	54.0
-34.0	10.0	50.0
-2.0	-30.0	34.0
-40.0	14.0	44.0
-46.0	-60.0	28.0
-20.0	58.0	6.0
-56.0	-38.0	-6.0
-6.0	-40.0	38.0
-2.0	-72.0	28.0
-6.0	-80.0	42.0
-46.0	-62.0	22.0
-8.0	54.0	12.0
-16.0	64.0	6.0
-12.0	56.0	24.0
-4.0	-48.0	34.0
2.0	-42.0	24.0
-10.0	-56.0	18.0
-2.0	-74.0	34.0
-26.0	38.0	-10.0
-34.0	6.0	42.0
-12.0	54.0	28.0
-40.0	-64.0	42.0
-36.0	42.0	12.0
2.0	-66.0	34.0
-38.0	8.0	50.0
-38.0	14.0	40.0
-2.0	-42.0	36.0
-6.0	-72.0	30.0
-34.0	-64.0	44.0
-4.0	-30.0	30.0
0.0	-46.0	22.0
-28.0	28.0	-12.0
-50.0	-8.0	-16.0
-52.0	-38.0	-2.0
-34.0	10.0	40.0
42.0	-54.0	48.0
-2.0	-36.0	28.0
-26.0	18.0	-12.0
-4.0	-46.0	22.0
-4.0	-66.0	38.0
6.0	-40.0	22.0
-2.0	-76.0	38.0

// 21455941-1
// Subjects=20
-52.0	-34.0	48.0
26.0	-22.0	-32.0
-50.0	28.0	12.0
-6.0	30.0	44.0
-40.0	-74.0	-6.0
-52.0	-62.0	28.0
40.0	-80.0	24.0
-8.0	14.0	54.0
16.0	-68.0	30.0
-42.0	-64.0	52.0
-44.0	18.0	46.0
-38.0	-70.0	46.0
-46.0	-78.0	34.0
48.0	38.0	12.0
14.0	-70.0	-4.0
-34.0	-86.0	-18.0
-44.0	24.0	-6.0
34.0	46.0	34.0
24.0	-74.0	52.0
-28.0	-58.0	34.0
48.0	-60.0	30.0
-52.0	26.0	20.0
38.0	4.0	26.0
-28.0	-62.0	54.0
-56.0	10.0	36.0
-4.0	24.0	42.0

// 21549721-1
// Subjects=20
-9.0	-49.0	21.0
10.0	-78.0	44.0
-49.0	13.0	34.0
-28.0	-55.0	41.0
3.0	13.0	50.0
-38.0	-82.0	32.0
-30.0	-39.0	-9.0
1.0	-92.0	14.0
34.0	-82.0	29.0
-27.0	-96.0	24.0
-27.0	-25.0	7.0
-53.0	-65.0	33.0
6.0	-75.0	44.0
-17.0	-61.0	16.0
0.0	60.0	27.0
-36.0	-90.0	30.0
38.0	-82.0	28.0
52.0	-68.0	10.0
11.0	-57.0	12.0
-14.0	-86.0	26.0
17.0	-42.0	-3.0
14.0	-60.0	22.0
-18.0	-63.0	23.0
-12.0	-52.0	2.0
-29.0	-46.0	-5.0
44.0	-69.0	4.0
-25.0	-57.0	-4.0
5.0	-82.0	51.0
-20.0	2.0	16.0
21.0	-82.0	25.0
-52.0	-73.0	8.0
-23.0	-58.0	-6.0
40.0	-80.0	-1.0
23.0	-54.0	-4.0
-31.0	-94.0	11.0
-11.0	-81.0	51.0
24.0	-66.0	-8.0

// 21550407-1
// Subjects=20
56.0	-56.0	23.0
4.0	56.0	23.0
-49.0	34.0	-15.0
-53.0	-53.0	30.0
-56.0	26.0	4.0
49.0	8.0	-38.0
23.0	26.0	42.0
-23.0	-15.0	-19.0
0.0	-41.0	34.0
-8.0	-64.0	15.0
-30.0	-38.0	-11.0
-38.0	23.0	46.0
56.0	30.0	-4.0
-26.0	19.0	49.0
-53.0	-45.0	49.0
-38.0	0.0	57.0
-26.0	49.0	23.0
-38.0	15.0	8.0
30.0	-38.0	-15.0
4.0	-56.0	38.0
0.0	34.0	38.0
-41.0	49.0	-4.0
-49.0	23.0	30.0
-4.0	-75.0	53.0
-4.0	-26.0	27.0
-11.0	0.0	11.0
41.0	-60.0	46.0
8.0	34.0	27.0
41.0	-4.0	49.0
-8.0	-30.0	-30.0
-45.0	-79.0	23.0
0.0	53.0	-15.0
34.0	41.0	30.0
53.0	-68.0	19.0
34.0	15.0	4.0

// 21561699-1
// Subjects=20
20.0	-31.0	-7.0
12.0	42.0	20.0
-28.0	50.0	-1.0
-4.0	58.0	3.0
24.0	5.0	-17.0
-2.0	55.0	3.0
-30.0	-35.0	-10.0
-28.0	18.0	5.0
12.0	2.0	40.0
26.0	-28.0	-7.0
32.0	29.0	-1.0
-18.0	-2.0	42.0
-8.0	-15.0	58.0
30.0	-26.0	-7.0
36.0	-46.0	17.0
-30.0	-35.0	-2.0
0.0	-41.0	3.0
8.0	-43.0	-15.0
36.0	-57.0	-17.0
38.0	1.0	53.0
6.0	20.0	40.0
2.0	-28.0	29.0
32.0	-45.0	26.0
48.0	14.0	-1.0
-8.0	-27.0	11.0
6.0	-30.0	24.0
-16.0	-2.0	-2.0
20.0	-36.0	50.0
26.0	-52.0	4.0
22.0	1.0	57.0
42.0	8.0	1.0
-34.0	36.0	24.0
-34.0	33.0	34.0
26.0	-59.0	-19.0
2.0	-49.0	-4.0
4.0	27.0	28.0
40.0	-28.0	53.0
48.0	15.0	34.0
42.0	-48.0	45.0
6.0	-43.0	39.0
42.0	-40.0	48.0
42.0	-38.0	7.0
2.0	-2.0	2.0
-40.0	5.0	29.0
34.0	37.0	31.0
38.0	38.0	24.0
-24.0	13.0	-4.0
22.0	-71.0	-17.0
28.0	-54.0	6.0
4.0	-64.0	-5.0
-40.0	43.0	0.0
-2.0	-31.0	0.0
-6.0	-37.0	6.0
26.0	1.0	-12.0
-14.0	8.0	49.0
2.0	-32.0	22.0
55.0	-46.0	12.0
-26.0	41.0	7.0
37.0	36.0	26.0
18.0	-46.0	52.0
2.0	-35.0	-7.0
6.0	-22.0	-4.0
36.0	-33.0	40.0
16.0	-11.0	10.0
50.0	10.0	-2.0
10.0	-5.0	9.0
28.0	0.0	46.0
-6.0	-54.0	5.0
-8.0	-28.0	-10.0
40.0	-61.0	-17.0
50.0	-37.0	44.0
30.0	36.0	26.0
-4.0	-17.0	8.0
20.0	-37.0	6.0

// 21600227-1
// Subjects=20
10.0	-54.0	18.0
-16.0	38.0	-14.0
26.0	-6.0	-38.0
-10.0	-60.0	26.0
56.0	8.0	-16.0
-30.0	-80.0	42.0
-22.0	-14.0	-30.0
-54.0	-72.0	26.0
-8.0	-30.0	0.0
44.0	-26.0	38.0
-66.0	-46.0	-4.0
-52.0	-70.0	34.0
-8.0	-54.0	18.0
54.0	-20.0	-8.0
-6.0	-10.0	16.0
-14.0	-52.0	12.0
56.0	16.0	34.0
40.0	8.0	34.0
-62.0	-60.0	10.0
24.0	-30.0	24.0
-4.0	8.0	56.0
0.0	26.0	58.0
10.0	14.0	54.0
-38.0	-28.0	68.0
-42.0	8.0	28.0
-2.0	28.0	-8.0
-42.0	-5.0	52.0
-30.0	-4.0	52.0
34.0	-2.0	58.0
-30.0	34.0	-18.0
18.0	6.0	-24.0
-58.0	-66.0	18.0
-30.0	-10.0	58.0
-22.0	-18.0	30.0
54.0	20.0	30.0
24.0	-20.0	-26.0
-24.0	-62.0	58.0
18.0	-18.0	-28.0
-14.0	36.0	-18.0
-40.0	28.0	18.0
18.0	-24.0	-16.0
-12.0	44.0	-14.0
4.0	8.0	-16.0
6.0	-2.0	-18.0
-58.0	18.0	0.0
-2.0	58.0	-10.0
-64.0	-14.0	-8.0
-58.0	-6.0	-8.0
-28.0	-6.0	52.0
-62.0	-20.0	4.0
28.0	-38.0	-18.0
58.0	-6.0	-12.0
-42.0	6.0	32.0
-36.0	-6.0	58.0
-48.0	20.0	28.0
54.0	36.0	22.0
62.0	-36.0	0.0
-38.0	-32.0	16.0
-52.0	10.0	46.0
-54.0	4.0	32.0
-40.0	4.0	26.0
28.0	-68.0	54.0
14.0	30.0	-20.0
-54.0	-40.0	0.0
26.0	18.0	52.0
34.0	10.0	60.0
-42.0	28.0	18.0
42.0	0.0	42.0
40.0	8.0	30.0
-60.0	16.0	4.0
56.0	36.0	10.0
-20.0	-72.0	54.0
56.0	0.0	-4.0
0.0	26.0	58.0
-8.0	0.0	-12.0
54.0	24.0	-4.0
-12.0	50.0	22.0
-16.0	6.0	62.0
-42.0	16.0	24.0
-8.0	12.0	46.0
-16.0	22.0	54.0
-8.0	42.0	44.0
56.0	2.0	-10.0
50.0	38.0	-10.0
-6.0	40.0	48.0
-16.0	8.0	58.0
18.0	54.0	-10.0
4.0	60.0	-12.0
-6.0	18.0	66.0
-14.0	58.0	18.0
-28.0	26.0	-22.0
18.0	8.0	68.0
48.0	-76.0	28.0
-28.0	-38.0	-18.0
-24.0	56.0	-2.0
-42.0	8.0	28.0
-8.0	-46.0	44.0
-14.0	60.0	0.0
-12.0	42.0	-20.0
-8.0	50.0	-22.0
-52.0	-2.0	38.0
-16.0	52.0	26.0
26.0	-46.0	42.0
-62.0	8.0	2.0
-38.0	20.0	-28.0
-50.0	28.0	18.0
-2.0	-64.0	8.0
-44.0	-10.0	48.0
26.0	60.0	4.0
36.0	32.0	-20.0
16.0	-66.0	14.0
16.0	38.0	-20.0
-6.0	30.0	58.0
8.0	16.0	26.0
0.0	-16.0	40.0
14.0	-60.0	68.0
64.0	-18.0	20.0
-4.0	-76.0	-4.0
40.0	-18.0	-28.0
38.0	-10.0	-36.0
-8.0	-64.0	30.0
-16.0	-66.0	28.0
-44.0	-78.0	36.0
54.0	20.0	32.0
46.0	-40.0	46.0
-32.0	56.0	2.0
60.0	-30.0	-20.0
-40.0	28.0	18.0
-50.0	22.0	-12.0
52.0	18.0	22.0
48.0	-78.0	20.0
4.0	-76.0	28.0
-40.0	-4.0	50.0
-30.0	-10.0	58.0
-54.0	-72.0	10.0
-44.0	-84.0	26.0
-30.0	-4.0	52.0
-6.0	-30.0	2.0
-4.0	12.0	66.0
-66.0	-48.0	-2.0
-6.0	-10.0	16.0
36.0	2.0	60.0
-52.0	6.0	28.0
32.0	54.0	-6.0
8.0	-58.0	20.0
-6.0	10.0	52.0
-44.0	42.0	14.0
-56.0	20.0	-4.0
48.0	-10.0	-16.0

// 21671743-1
// Subjects=20
16.0	8.0	8.0
20.0	-68.0	44.0
44.0	-80.0	0.0
-48.0	-76.0	-4.0
28.0	44.0	32.0
36.0	-48.0	60.0
-60.0	-8.0	-24.0
-60.0	-8.0	-24.0
52.0	-52.0	-12.0
-32.0	-96.0	-4.0
-40.0	32.0	-20.0
32.0	-76.0	-44.0
-44.0	-52.0	-20.0
-32.0	8.0	64.0
40.0	36.0	8.0
-32.0	-24.0	-20.0
0.0	36.0	-8.0
-48.0	12.0	-12.0
32.0	44.0	32.0
-44.0	16.0	0.0
-24.0	36.0	48.0
-12.0	-64.0	-8.0
32.0	-96.0	-4.0
-16.0	4.0	8.0
-4.0	52.0	-8.0
-56.0	-64.0	24.0
-40.0	-88.0	12.0
-8.0	32.0	12.0
50.0	-32.0	-8.0
-48.0	-24.0	16.0
-12.0	-72.0	40.0
24.0	-20.0	-24.0
60.0	-44.0	32.0
-8.0	-56.0	16.0
44.0	-64.0	-44.0
-4.0	36.0	36.0
-8.0	24.0	52.0
-16.0	16.0	-4.0
-44.0	-20.0	56.0
-8.0	-64.0	20.0
-56.0	-48.0	48.0
-32.0	52.0	12.0
-48.0	20.0	12.0
-44.0	16.0	48.0
-52.0	12.0	24.0
52.0	-64.0	28.0
4.0	-56.0	16.0
-20.0	-20.0	-20.0
-28.0	-68.0	36.0
52.0	16.0	-4.0
-48.0	-68.0	32.0
-8.0	-8.0	0.0
-60.0	0.0	-24.0
0.0	-60.0	-48.0
-12.0	-76.0	-28.0
48.0	12.0	-8.0
28.0	-72.0	40.0

// 21736451-1
// Subjects=20
-3.0	53.0	4.0
-45.0	14.0	28.0
36.0	-70.0	31.0
36.0	-70.0	31.0
-45.0	-49.0	46.0
42.0	-43.0	37.0
-60.0	-67.0	31.0
-9.0	-79.0	43.0
-30.0	-76.0	34.0
6.0	-52.0	7.0
-36.0	-76.0	1.0
6.0	23.0	-2.0
3.0	68.0	19.0
45.0	-79.0	34.0
-45.0	-49.0	46.0
63.0	-13.0	37.0
-27.0	5.0	22.0
-36.0	-43.0	58.0
-60.0	-43.0	43.0
-18.0	-85.0	13.0
-3.0	53.0	-5.0
-45.0	-34.0	52.0
0.0	-43.0	28.0
3.0	-67.0	-17.0

// 21803063-1
// Subjects=20
34.0	-11.0	55.0
-38.0	-13.0	49.0
-20.0	-12.0	61.0
46.0	-50.0	56.0
32.0	-43.0	35.0
53.0	-73.0	17.0
51.0	-77.0	17.0
-46.0	-66.0	35.0
20.0	-23.0	42.0
-55.0	-10.0	26.0
44.0	15.0	21.0
24.0	15.0	34.0
-14.0	8.0	40.0
59.0	-55.0	18.0
30.0	-1.0	13.0
40.0	36.0	29.0
46.0	2.0	-7.0
-22.0	-28.0	53.0
36.0	-53.0	32.0
34.0	-43.0	37.0
14.0	-29.0	7.0
-40.0	-1.0	-20.0
-16.0	-9.0	48.0
-61.0	-5.0	-15.0
46.0	-7.0	-25.0
-38.0	-13.0	49.0
-51.0	-40.0	9.0
10.0	-65.0	20.0
20.0	19.0	32.0
6.0	37.0	-4.0
-12.0	39.0	11.0
24.0	15.0	34.0
-40.0	-7.0	-22.0
-16.0	-9.0	48.0
-61.0	-50.0	4.0
-6.0	35.0	44.0
16.0	-51.0	25.0
65.0	-6.0	2.0
-53.0	-43.0	4.0
-16.0	-5.0	50.0
-53.0	-70.0	29.0
20.0	-23.0	42.0
16.0	-51.0	25.0
-61.0	-50.0	4.0
42.0	25.0	-6.0
-20.0	2.0	-2.0
-2.0	65.0	23.0
30.0	1.0	13.0
44.0	-51.0	34.0
42.0	-26.0	23.0
14.0	-67.0	18.0
22.0	-52.0	4.0
-14.0	8.0	40.0
-4.0	-57.0	18.0
30.0	-1.0	13.0
34.0	-11.0	55.0
34.0	-45.0	37.0
52.0	27.0	34.0
-4.0	-67.0	27.0
-55.0	-10.0	26.0
-40.0	-1.0	-20.0
-50.0	-39.0	2.0
-40.0	-24.0	64.0
-12.0	39.0	11.0
18.0	45.0	46.0
-16.0	-5.0	50.0
44.0	15.0	20.0
-28.0	-26.0	-12.0
-53.0	-43.0	4.0
65.0	-4.0	0.0
-8.0	60.0	-5.0
-18.0	-9.0	50.0
34.0	-43.0	37.0
40.0	17.0	19.0
24.0	15.0	34.0
42.0	25.0	-6.0
-54.0	-43.0	4.0
14.0	32.0	21.0
43.0	-51.0	34.0
34.0	-55.0	32.0
-63.0	-8.0	-11.0
-40.0	-24.0	64.0
-50.0	-37.0	2.0
14.0	32.0	21.0
32.0	-8.0	-5.0
34.0	-10.0	56.0
-42.0	16.0	40.0
2.0	-14.0	39.0
46.0	-6.0	-30.0
44.0	-51.0	34.0
-61.0	-14.0	-14.0
-50.0	-39.0	2.0
-38.0	-56.0	8.0
40.0	18.0	-28.0
-22.0	-28.0	53.0
26.0	-9.0	-18.0
44.0	-51.0	34.0
-42.0	14.0	40.0
26.0	-80.0	26.0
-53.0	-61.0	25.0
53.0	3.0	-24.0
40.0	17.0	19.0
42.0	-26.0	-5.0
18.0	45.0	46.0
34.0	-55.0	32.0
4.0	60.0	-10.0
36.0	37.0	2.0
42.0	2.0	-8.0
42.0	-26.0	23.0
-57.0	-51.0	-3.0
-18.0	-9.0	50.0
36.0	-53.0	32.0
46.0	-50.0	56.0
-6.0	35.0	44.0
32.0	-43.0	35.0
-20.0	2.0	-2.0
32.0	-8.0	-5.0
24.0	-7.0	-18.0
24.0	-7.0	-18.0
40.0	36.0	29.0
2.0	-14.0	39.0
14.0	-29.0	7.0
30.0	1.0	13.0
-6.0	-47.0	26.0
-46.0	-66.0	35.0
34.0	-45.0	37.0
65.0	-6.0	2.0
-20.0	-12.0	61.0
34.0	-11.0	56.0
-54.0	-43.0	4.0
14.0	-67.0	18.0
-38.0	-56.0	8.0
-28.0	-26.0	-12.0
10.0	-65.0	20.0
-2.0	65.0	23.0
-63.0	-8.0	-11.0
-6.0	-47.0	26.0
-4.0	-57.0	18.0
40.0	18.0	-28.0
44.0	15.0	21.0
42.0	-26.0	-5.0
53.0	3.0	-24.0
-50.0	-37.0	2.0
51.0	27.0	34.0
-53.0	-70.0	29.0
-51.0	-40.0	9.0
51.0	-77.0	17.0
-57.0	-51.0	-3.0
6.0	37.0	-4.0
-61.0	-14.0	-14.0
65.0	-4.0	0.0
53.0	-73.0	17.0
24.0	15.0	34.0
42.0	25.0	-6.0
-61.0	-5.0	-15.0
-42.0	16.0	40.0
-53.0	-61.0	25.0
-40.0	-7.0	-22.0
59.0	-55.0	18.0
22.0	-52.0	4.0
26.0	-80.0	26.0
26.0	-9.0	-18.0
-8.0	60.0	-5.0
20.0	19.0	32.0
42.0	25.0	-6.0
-4.0	-67.0	27.0
52.0	27.0	34.0
-42.0	14.0	40.0
51.0	27.0	34.0
44.0	15.0	20.0
4.0	60.0	-10.0
36.0	37.0	2.0

// 21935483-1
// Subjects=20
40.0	-16.0	-22.0
32.0	-80.0	-20.0
-38.0	4.0	34.0
42.0	-54.0	-30.0
34.0	24.0	6.0
22.0	-92.0	-12.0
-34.0	18.0	-4.0
10.0	-74.0	-34.0
-28.0	-72.0	38.0
-6.0	14.0	50.0
-30.0	-34.0	-14.0
-56.0	-62.0	38.0
-30.0	0.0	-22.0
36.0	-72.0	-28.0
-46.0	16.0	2.0
-24.0	-80.0	12.0
-16.0	14.0	60.0
2.0	-62.0	-42.0
-24.0	-30.0	-6.0
-38.0	4.0	38.0
-32.0	-22.0	-18.0
36.0	-36.0	-6.0
0.0	-60.0	-44.0
-12.0	-8.0	18.0
-32.0	-62.0	38.0
-34.0	18.0	-6.0
24.0	-26.0	-8.0
-26.0	-40.0	4.0
-24.0	-8.0	-16.0
-58.0	4.0	30.0
-20.0	-30.0	-4.0
-32.0	-26.0	-16.0
-20.0	44.0	44.0
20.0	-96.0	-10.0
-34.0	-88.0	-10.0
40.0	-38.0	-20.0
-46.0	16.0	-16.0
-4.0	-20.0	-6.0
-26.0	-92.0	4.0
-24.0	-82.0	12.0
-30.0	22.0	-4.0
44.0	-54.0	-28.0
8.0	-74.0	-50.0
-24.0	-30.0	-4.0
38.0	-18.0	-20.0
42.0	-52.0	-30.0
-30.0	-22.0	-16.0
-8.0	12.0	50.0
-10.0	-82.0	-14.0
32.0	26.0	2.0
28.0	-38.0	0.0
-6.0	-50.0	-40.0
-42.0	-18.0	-10.0
-10.0	-92.0	-12.0
-40.0	-66.0	16.0
42.0	-52.0	-30.0

// 21945808-1
// Subjects=20
-28.0	-48.0	-52.0
64.0	-52.0	-12.0
-44.0	4.0	24.0
-12.0	-40.0	-12.0
-60.0	-20.0	8.0
68.0	-12.0	-20.0
-60.0	-16.0	0.0
-32.0	16.0	-32.0
-64.0	-24.0	28.0
52.0	-36.0	16.0
16.0	-80.0	-52.0
4.0	4.0	60.0
-48.0	-4.0	-36.0
8.0	36.0	48.0
-60.0	0.0	8.0
-48.0	-68.0	4.0
48.0	48.0	-8.0
56.0	-60.0	40.0
-40.0	24.0	52.0
-48.0	40.0	28.0
60.0	-12.0	44.0
44.0	-36.0	56.0
-24.0	0.0	56.0
52.0	-28.0	24.0
-44.0	-44.0	-20.0
-12.0	8.0	-4.0
-64.0	-12.0	-28.0
28.0	-20.0	-24.0
-24.0	-40.0	-12.0
-16.0	-68.0	40.0
-28.0	-24.0	-28.0
32.0	-60.0	56.0
0.0	-60.0	8.0
-16.0	-4.0	-32.0
44.0	-68.0	32.0
-40.0	24.0	52.0
4.0	4.0	60.0
-32.0	-72.0	-24.0
-32.0	8.0	64.0
-32.0	-40.0	-12.0
-4.0	-56.0	32.0
-20.0	-24.0	20.0
-4.0	-8.0	12.0
-28.0	-24.0	-12.0
-28.0	-24.0	72.0
-60.0	12.0	12.0
24.0	-28.0	-12.0
-8.0	4.0	-8.0
8.0	-76.0	20.0
-32.0	-56.0	48.0
-4.0	-40.0	-28.0
8.0	56.0	40.0
56.0	-60.0	-32.0
-16.0	-68.0	40.0
-24.0	-84.0	-20.0
32.0	-88.0	24.0
-40.0	0.0	-32.0
16.0	-72.0	-4.0
56.0	12.0	-24.0
-44.0	-52.0	4.0
-20.0	-96.0	12.0
44.0	4.0	-8.0
-48.0	-4.0	0.0
8.0	-68.0	60.0
56.0	12.0	-24.0
28.0	40.0	44.0
-4.0	-32.0	4.0
-20.0	-52.0	0.0
56.0	-60.0	-32.0
24.0	-28.0	-12.0
4.0	-64.0	16.0
-24.0	-68.0	48.0
-20.0	-52.0	0.0
44.0	-52.0	56.0
-12.0	48.0	8.0
-28.0	-24.0	72.0
28.0	0.0	0.0
-20.0	-96.0	12.0
44.0	0.0	-4.0
20.0	-32.0	-52.0
48.0	28.0	-8.0
-44.0	-8.0	-16.0
24.0	-52.0	-8.0
-32.0	-40.0	-12.0
-32.0	-72.0	-24.0
-32.0	8.0	64.0
-8.0	4.0	-8.0
-20.0	-24.0	20.0
-44.0	44.0	24.0
-8.0	-60.0	44.0
-44.0	-68.0	28.0
-44.0	-60.0	-28.0
44.0	56.0	0.0
52.0	8.0	20.0
20.0	-32.0	-52.0
36.0	-52.0	-24.0
-68.0	-36.0	-8.0
32.0	-8.0	-24.0
-12.0	8.0	-4.0
-28.0	-24.0	-12.0
-4.0	-8.0	12.0
36.0	-4.0	-36.0
-4.0	-40.0	-28.0
-48.0	-80.0	16.0
-28.0	-28.0	-8.0
32.0	-68.0	48.0
28.0	20.0	4.0
-28.0	-92.0	20.0
28.0	0.0	0.0
48.0	-68.0	4.0
0.0	-36.0	56.0
44.0	8.0	32.0
44.0	-68.0	32.0
52.0	0.0	-28.0
20.0	-92.0	-12.0
56.0	-20.0	0.0
-48.0	-80.0	16.0
56.0	-60.0	40.0
-28.0	-28.0	-8.0
-64.0	-8.0	-20.0
-4.0	64.0	28.0
48.0	-64.0	-44.0
-16.0	-4.0	-32.0
32.0	-60.0	56.0
-28.0	-24.0	-28.0
-32.0	-56.0	48.0
-64.0	-12.0	-28.0
-48.0	40.0	28.0
-24.0	-36.0	-20.0
-48.0	-68.0	32.0
-24.0	32.0	48.0
32.0	16.0	-16.0
52.0	-48.0	-16.0
24.0	-4.0	56.0
44.0	8.0	32.0
-56.0	8.0	36.0
-4.0	64.0	28.0
44.0	4.0	-8.0
-44.0	-44.0	-20.0
-24.0	-20.0	-16.0
-44.0	44.0	24.0
-60.0	-20.0	8.0
-56.0	8.0	36.0
44.0	0.0	-4.0
48.0	-64.0	-44.0
4.0	-64.0	16.0
-48.0	-4.0	0.0
68.0	-12.0	-20.0
-48.0	-4.0	-36.0
-60.0	-16.0	0.0
56.0	-28.0	36.0
32.0	-88.0	24.0
-60.0	0.0	8.0
-48.0	-68.0	4.0
-44.0	4.0	24.0
8.0	-68.0	60.0
-44.0	-8.0	-16.0
16.0	-80.0	-52.0
52.0	-36.0	16.0
64.0	-52.0	-12.0
28.0	20.0	4.0
56.0	-20.0	0.0
12.0	-56.0	-28.0
-24.0	0.0	56.0
-4.0	-32.0	4.0
60.0	-12.0	44.0
-24.0	-84.0	-20.0
-44.0	-60.0	-28.0
16.0	-72.0	-4.0
-40.0	0.0	-32.0
20.0	-92.0	-12.0
8.0	-76.0	20.0
-60.0	12.0	12.0
-48.0	-76.0	-4.0
48.0	-68.0	4.0
44.0	-36.0	56.0
56.0	-28.0	36.0
-64.0	-24.0	28.0
0.0	-60.0	8.0
-44.0	-68.0	28.0
52.0	-28.0	24.0
-32.0	16.0	-32.0
-8.0	-20.0	12.0
-64.0	-8.0	-20.0
32.0	16.0	-16.0
48.0	48.0	-8.0
52.0	0.0	-28.0
-24.0	-36.0	-20.0
-24.0	-40.0	-12.0
-24.0	-68.0	48.0
-8.0	-60.0	44.0
32.0	-68.0	48.0
-28.0	-92.0	20.0
12.0	-56.0	-28.0
-24.0	-20.0	-16.0
-8.0	-20.0	12.0
44.0	-52.0	56.0
-44.0	-52.0	4.0
44.0	56.0	0.0
32.0	-8.0	-24.0
36.0	-52.0	-24.0
-68.0	-36.0	-8.0
-48.0	-76.0	-4.0
28.0	40.0	44.0
0.0	-36.0	56.0
48.0	28.0	-8.0
24.0	-52.0	-8.0
36.0	-4.0	-36.0
28.0	-20.0	-24.0
52.0	8.0	20.0
8.0	36.0	48.0
-4.0	-56.0	32.0
8.0	56.0	40.0
-28.0	-48.0	-52.0
-24.0	32.0	48.0
-12.0	-40.0	-12.0
-12.0	48.0	8.0
52.0	-48.0	-16.0
-48.0	-68.0	32.0
24.0	-4.0	56.0

// 22001165-1
// Subjects=20
0.0	-63.0	-3.0
19.0	-1.0	-22.0
45.0	-72.0	28.0
30.0	-18.0	-16.0
-45.0	-46.0	-36.0
64.0	-41.0	-14.0
23.0	-1.0	-13.0
-23.0	-23.0	-12.0
-33.0	-70.0	34.0
11.0	43.0	-18.0
8.0	-35.0	40.0
4.0	25.0	-17.0
-11.0	7.0	59.0
-8.0	63.0	-3.0
-22.0	-49.0	2.0
-22.0	0.0	-32.0
19.0	0.0	-23.0
34.0	-12.0	53.0
52.0	-3.0	51.0
52.0	-3.0	51.0
-30.0	7.0	-36.0
-45.0	-3.0	-23.0
48.0	-7.0	-22.0
64.0	-43.0	16.0
26.0	-43.0	50.0
-23.0	-27.0	-15.0
45.0	-63.0	30.0
-45.0	-71.0	13.0
-26.0	-28.0	-9.0
-30.0	6.0	-23.0
-15.0	-3.0	-26.0
11.0	-39.0	-5.0
-4.0	-58.0	-29.0
-23.0	-85.0	-12.0
-15.0	-4.0	-13.0
-52.0	0.0	-20.0
-19.0	-67.0	56.0
4.0	33.0	-21.0
-26.0	30.0	-5.0
37.0	-86.0	7.0
19.0	-84.0	-25.0
15.0	-3.0	-16.0
52.0	-3.0	51.0
-26.0	-57.0	-42.0
52.0	42.0	1.0
-37.0	-11.0	-28.0
-11.0	-76.0	-9.0
-7.0	-33.0	46.0
22.0	0.0	-35.0
-33.0	-28.0	-9.0
30.0	-42.0	71.0
41.0	-46.0	-8.0
15.0	0.0	-20.0
0.0	10.0	23.0
-4.0	59.0	-7.0
30.0	-23.0	50.0
11.0	-49.0	58.0
-41.0	-9.0	46.0
23.0	24.0	34.0
56.0	-46.0	41.0
-64.0	-13.0	32.0
34.0	-23.0	50.0
26.0	-89.0	4.0
30.0	-46.0	67.0
-22.0	-58.0	-17.0
15.0	-4.0	63.0
0.0	45.0	-3.0
45.0	-53.0	-1.0
-19.0	0.0	-29.0
37.0	-50.0	-1.0

// 22001264-1
// Subjects=20
-48.0	-76.0	28.0
3.0	4.0	5.0
60.0	-28.0	-12.0
-20.0	40.0	36.0
5.0	6.0	7.0
-16.0	-12.0	-20.0
4.0	5.0	6.0
4.0	5.0	6.0
4.0	5.0	6.0
4.0	5.0	6.0
5.0	6.0	7.0
24.0	-72.0	-32.0
-32.0	-96.0	4.0
7.0	8.0	9.0
4.0	5.0	6.0
6.0	8.0	9.0
8.0	12.0	64.0
-40.0	12.0	52.0
4.0	5.0	6.0
8.0	9.0	10.0
20.0	-84.0	20.0
4.0	5.0	6.0
4.0	5.0	6.0
5.0	6.0	7.0
6.0	7.0	8.0
-32.0	-16.0	-24.0
6.0	7.0	8.0
-12.0	-8.0	-20.0
-36.0	-52.0	-8.0
3.0	4.0	5.0
7.0	9.0	10.0
-20.0	-84.0	-16.0
7.0	8.0	9.0
2.0	3.0	4.0
6.0	7.0	8.0
56.0	-4.0	-24.0
-20.0	-8.0	-20.0
6.0	7.0	9.0
0.0	64.0	16.0
3.0	4.0	6.0
-20.0	8.0	-24.0
3.0	4.0	5.0
-32.0	44.0	-8.0
-44.0	16.0	4.0
3.0	4.0	5.0
-56.0	-32.0	-4.0
7.0	8.0	9.0
52.0	-36.0	40.0
-12.0	36.0	32.0
-52.0	-8.0	-40.0
4.0	5.0	6.0
-4.0	-56.0	-16.0
-48.0	-40.0	40.0
12.0	-24.0	44.0
28.0	-92.0	20.0
-36.0	28.0	40.0
-32.0	60.0	-12.0
-32.0	24.0	-12.0
-64.0	-36.0	28.0
36.0	-60.0	24.0
-44.0	32.0	4.0
3.0	4.0	5.0
52.0	-80.0	-8.0
-20.0	48.0	8.0
4.0	5.0	6.0
56.0	12.0	16.0
12.0	-8.0	60.0
4.0	5.0	6.0
-4.0	4.0	60.0
68.0	-28.0	24.0
-36.0	-4.0	56.0
4.0	5.0	6.0
4.0	5.0	6.0
4.0	5.0	6.0
-60.0	-56.0	24.0
4.0	5.0	6.0
20.0	-84.0	-16.0
60.0	28.0	24.0
24.0	4.0	-32.0
4.0	-8.0	40.0
-32.0	-56.0	16.0
48.0	-8.0	0.0
6.0	7.0	8.0
36.0	-40.0	48.0
24.0	-56.0	64.0
4.0	5.0	6.0
6.0	7.0	8.0
8.0	48.0	-28.0
-12.0	-72.0	20.0

// 22040905-1
// Subjects=20
-54.0	-8.0	40.0
-36.0	-36.0	-6.0
-6.0	-2.0	62.0
-14.0	12.0	24.0
-36.0	14.0	52.0
-24.0	-30.0	-6.0
6.0	8.0	20.0
-14.0	-58.0	12.0
20.0	-72.0	38.0
34.0	38.0	16.0
0.0	-48.0	-12.0
-46.0	10.0	2.0
-14.0	-70.0	52.0
20.0	-54.0	18.0
-4.0	-34.0	0.0
-12.0	6.0	64.0
-18.0	14.0	18.0
-14.0	-20.0	20.0
14.0	42.0	12.0
-44.0	-66.0	16.0
44.0	-78.0	28.0
-10.0	6.0	16.0
32.0	-48.0	-8.0
18.0	24.0	42.0
-16.0	-68.0	26.0
14.0	-68.0	48.0
-18.0	-82.0	2.0
-14.0	-8.0	70.0
-44.0	14.0	3.0
24.0	-60.0	22.0
44.0	18.0	48.0
-22.0	-16.0	22.0
-44.0	6.0	50.0
20.0	-8.0	-2.0
30.0	-40.0	-6.0
48.0	-74.0	32.0
30.0	-36.0	6.0
14.0	-74.0	22.0
0.0	-12.0	66.0
14.0	-18.0	68.0
60.0	6.0	26.0
26.0	-62.0	22.0
0.0	-48.0	-12.0
32.0	14.0	2.0
20.0	-10.0	0.0
16.0	-26.0	20.0
-8.0	-78.0	48.0
-20.0	22.0	38.0
28.0	10.0	16.0
16.0	0.0	28.0
54.0	-56.0	12.0
-10.0	-64.0	52.0
2.0	-2.0	64.0
18.0	-62.0	-2.0
-41.0	-68.0	34.0
-18.0	-74.0	42.0
38.0	40.0	16.0
-6.0	10.0	20.0
-32.0	-48.0	-10.0
2.0	-16.0	20.0
-42.0	-68.0	16.0
-54.0	28.0	8.0
-2.0	0.0	66.0

// 22049444-1
// Subjects=20
-19.0	-5.0	2.0
13.0	9.0	6.0
41.0	-47.0	-50.0
9.0	13.0	66.0
-33.0	-85.0	24.0
21.0	-21.0	62.0
-5.0	-47.0	44.0
-21.0	17.0	30.0
-37.0	15.0	38.0
-7.0	37.0	54.0
-13.0	49.0	34.0
-13.0	-85.0	-36.0
-19.0	55.0	18.0
59.0	-47.0	14.0
-45.0	-19.0	18.0
-59.0	-29.0	22.0
-7.0	-55.0	-52.0
23.0	11.0	40.0
-51.0	-79.0	6.0
45.0	9.0	-18.0
-37.0	-39.0	-30.0
25.0	-15.0	6.0
9.0	-85.0	-36.0
-23.0	-31.0	46.0
13.0	-57.0	40.0
35.0	-45.0	-50.0
-17.0	-91.0	42.0
-23.0	17.0	10.0
-17.0	21.0	44.0
-31.0	-47.0	-36.0
-53.0	-33.0	38.0
35.0	-47.0	40.0
61.0	11.0	10.0
23.0	-9.0	18.0
-53.0	-63.0	0.0
41.0	-25.0	-2.0
-23.0	-61.0	-2.0
-31.0	-9.0	6.0
-49.0	-59.0	34.0
41.0	-89.0	8.0

// 22386970-1
// Subjects=20
66.0	-27.0	-6.0
-3.0	-30.0	36.0
9.0	15.0	0.0
-3.0	57.0	3.0
-51.0	-42.0	51.0
-6.0	-12.0	15.0
-18.0	0.0	-12.0
-30.0	24.0	-12.0
-45.0	6.0	39.0
-36.0	54.0	-3.0
51.0	-48.0	-9.0
-54.0	-33.0	-3.0
-36.0	54.0	-3.0
-9.0	12.0	-3.0
48.0	12.0	45.0
-60.0	-39.0	18.0
48.0	9.0	36.0
-42.0	27.0	15.0
39.0	36.0	-6.0
42.0	33.0	-3.0
39.0	36.0	-6.0
39.0	3.0	51.0
24.0	54.0	9.0
30.0	15.0	-6.0
45.0	-54.0	-18.0
27.0	54.0	9.0
-15.0	-18.0	12.0

// 22421385-1
// Subjects=20
-25.0	-20.0	-6.0
-45.0	27.0	2.0
-9.0	50.0	10.0
-5.0	-56.0	26.0
-47.0	28.0	2.0
54.0	22.0	14.0
55.0	19.0	18.0
52.0	21.0	25.0
27.0	-29.0	-11.0
-41.0	14.0	-24.0
-29.0	-28.0	-5.0
-13.0	-31.0	2.0
-21.0	-18.0	-15.0
-55.0	15.0	24.0
22.0	-77.0	-8.0
-48.0	6.0	-14.0
-3.0	-19.0	10.0
6.0	53.0	19.0
47.0	8.0	-17.0
6.0	58.0	12.0
54.0	20.0	23.0
6.0	43.0	4.0
-42.0	-72.0	25.0
3.0	-66.0	42.0
8.0	-56.0	18.0
-6.0	-55.0	27.0
-51.0	-53.0	20.0
38.0	-72.0	26.0
50.0	-59.0	16.0
-4.0	-71.0	24.0
-7.0	48.0	28.0
27.0	-29.0	-12.0
25.0	-92.0	-4.0
-6.0	-69.0	48.0
7.0	42.0	4.0
47.0	11.0	-21.0
-34.0	-78.0	23.0
9.0	-48.0	19.0
-10.0	43.0	1.0
-53.0	-7.0	-5.0
-51.0	1.0	-9.0
-5.0	31.0	11.0
-8.0	22.0	8.0
3.0	-61.0	40.0
11.0	52.0	19.0
-53.0	19.0	21.0
-5.0	-60.0	30.0
-33.0	-64.0	-30.0
8.0	53.0	17.0
-30.0	-5.0	-15.0
25.0	-2.0	-13.0
22.0	-8.0	-10.0
9.0	33.0	9.0
27.0	-75.0	-28.0
39.0	-61.0	-30.0
-48.0	27.0	9.0
-34.0	-71.0	-26.0
-35.0	-61.0	29.0
43.0	11.0	-26.0
-21.0	43.0	32.0
-44.0	14.0	-23.0
33.0	31.0	-3.0
-31.0	-30.0	-13.0
24.0	-92.0	10.0
-7.0	6.0	7.0
-30.0	-11.0	-17.0
-25.0	-7.0	-9.0
26.0	-4.0	-14.0
-9.0	43.0	19.0
7.0	-27.0	2.0
14.0	-79.0	-26.0
-28.0	-4.0	-12.0
0.0	-59.0	32.0
-8.0	-53.0	17.0
9.0	-52.0	15.0
19.0	-92.0	-12.0
-5.0	-55.0	-31.0
-10.0	38.0	1.0
-43.0	-60.0	17.0
-66.0	-63.0	4.0
4.0	-4.0	2.0
-70.0	-26.0	36.0
72.0	-43.0	29.0
26.0	-29.0	-13.0
67.0	-57.0	-11.0
48.0	-89.0	11.0
-6.0	28.0	58.0
6.0	-23.0	11.0
32.0	-30.0	-5.0
-42.0	-2.0	-27.0
39.0	-61.0	19.0

// 22422512-1
// Subjects=20
-40.0	-68.0	56.0
16.0	-88.0	20.0
64.0	-52.0	6.0
-8.0	-86.0	24.0
40.0	-34.0	58.0
-18.0	-64.0	52.0
-12.0	-78.0	52.0
-50.0	-52.0	28.0
52.0	-52.0	-16.0
32.0	-54.0	56.0
-4.0	-84.0	24.0
-6.0	-94.0	-14.0
6.0	-88.0	26.0
10.0	-54.0	64.0
72.0	-20.0	6.0
72.0	-28.0	-18.0
56.0	-56.0	6.0
70.0	-28.0	-20.0
46.0	-50.0	32.0
44.0	-40.0	40.0
-64.0	-40.0	-12.0
36.0	-78.0	18.0
8.0	-88.0	26.0

// 22728150-1
// Subjects=20
-36.5	15.7	-19.5
38.4	45.2	-2.7
31.9	28.8	-21.3
-22.5	-22.3	-16.4
29.9	-21.1	-19.4
-33.1	51.2	13.2
-9.3	40.4	49.5
-47.1	-52.2	-42.6
40.7	3.7	11.9
35.3	44.4	15.2
1.5	-27.1	42.8
0.1	26.1	14.9
15.4	-92.5	8.0
37.7	-26.9	15.6

// 22753179-1
// Subjects=20
-56.0	-36.0	-10.0
-32.0	26.0	0.0
0.0	-52.0	36.0
-30.0	10.0	-16.0
54.0	-52.0	30.0
-4.0	46.0	6.0
-18.0	-12.0	-16.0
-46.0	8.0	32.0
-2.0	16.0	48.0
68.0	-38.0	0.0
-10.0	6.0	6.0
18.0	-4.0	-12.0
-36.0	-50.0	40.0
10.0	14.0	-6.0

// 22855822-1
// Subjects=20
-32.0	22.0	-2.0
-40.0	-70.0	-14.0
-30.0	-56.0	44.0
28.0	60.0	-4.0
-10.0	-30.0	42.0
4.0	-72.0	58.0
24.0	-32.0	-4.0
24.0	-8.0	-18.0
-28.0	-56.0	-20.0
34.0	26.0	-6.0
60.0	-26.0	24.0
22.0	-70.0	50.0
38.0	-32.0	-4.0
34.0	-56.0	-20.0
32.0	24.0	-2.0
-44.0	22.0	24.0
8.0	-70.0	-6.0
32.0	-70.0	28.0
-26.0	-2.0	54.0
-2.0	-14.0	74.0
24.0	-82.0	-16.0
34.0	4.0	60.0
46.0	18.0	30.0
-30.0	25.0	-4.0
-30.0	-34.0	2.0
24.0	-8.0	-18.0
-22.0	24.0	56.0
-16.0	22.0	-2.0
-34.0	50.0	22.0
60.0	-60.0	20.0
-16.0	-92.0	-12.0
50.0	44.0	-12.0
64.0	-56.0	18.0
-12.0	12.0	6.0
-12.0	46.0	40.0
64.0	-58.0	6.0
16.0	24.0	-2.0
-4.0	-50.0	72.0
-40.0	-6.0	-12.0
-38.0	56.0	-8.0
6.0	56.0	20.0
-28.0	26.0	42.0
-28.0	-14.0	-16.0
-38.0	-34.0	44.0
8.0	20.0	34.0
10.0	-28.0	44.0
60.0	-60.0	20.0
-38.0	34.0	-14.0
36.0	36.0	44.0
-48.0	-14.0	38.0
-40.0	52.0	-10.0
-56.0	11.0	19.0
-17.0	11.0	-3.0
-34.0	20.0	54.0
50.0	15.0	31.0
-34.0	20.0	54.0
22.0	-52.0	-26.0
60.0	-30.0	22.0
-47.0	36.0	17.0
38.0	-78.0	28.0
-38.0	18.0	26.0
-28.0	-14.0	-16.0
-62.0	-51.0	9.0
-48.0	-14.0	38.0
-38.0	18.0	26.0
34.0	26.0	-6.0
-16.0	-92.0	-12.0
22.0	-52.0	-26.0
-38.0	34.0	-14.0
40.0	-12.0	-2.0
58.0	-2.0	26.0
-30.0	24.0	-4.0
-32.0	-88.0	6.0
-38.0	-34.0	44.0
8.0	20.0	34.0
-50.0	-66.0	0.0
-22.0	24.0	56.0
30.0	-26.0	-12.0
-22.0	-44.0	-14.0
-31.0	60.0	7.0
-37.0	36.0	-17.0
-1.0	-9.0	7.0
-14.0	-34.0	3.0
-60.0	-11.0	8.0
23.0	-50.0	-14.0
-29.0	-11.0	-10.0
-24.0	-28.0	72.0
-1.0	41.0	27.0
-18.0	0.0	-15.0
-4.0	-4.0	50.0
-28.0	-54.0	66.0
17.0	-2.0	-12.0
27.0	9.0	9.0
49.0	17.0	-5.0
37.0	36.0	-16.0
8.0	-60.0	11.0
35.0	-60.0	-30.0
-50.0	-66.0	0.0
-9.0	31.0	-23.0
-7.0	65.0	5.0
31.0	61.0	4.0
18.0	1.0	-13.0

// 22902538-1
// Subjects=20
57.0	21.0	27.0
-1.0	-15.0	6.0
-46.0	26.0	34.0
-13.0	-5.0	27.0
12.0	-45.0	62.0
45.0	-65.0	52.0
-31.0	26.0	-8.0
-53.0	23.0	31.0
-3.0	51.0	41.0
-51.0	-60.0	48.0
-16.0	-32.0	-5.0
50.0	28.0	31.0
-18.0	16.0	17.0
-2.0	-43.0	16.0
25.0	-15.0	-36.0
-28.0	21.0	-22.0
25.0	-30.0	-15.0
10.0	3.0	-1.0
-6.0	1.0	3.0
52.0	-40.0	55.0
37.0	16.0	-26.0
27.0	-10.0	-15.0
-46.0	28.0	38.0
-63.0	-42.0	-12.0
-48.0	-60.0	48.0

// 23019246-1
// Subjects=20
-6.0	21.0	45.0
-24.0	6.0	60.0
18.0	6.0	63.0
-30.0	48.0	9.0
-6.0	27.0	36.0
57.0	21.0	36.0
-39.0	54.0	15.0
-30.0	-54.0	39.0
-12.0	-63.0	60.0
-45.0	-48.0	45.0
33.0	36.0	30.0
-33.0	15.0	51.0
15.0	-69.0	54.0
-15.0	-66.0	54.0
60.0	15.0	27.0
-48.0	-42.0	51.0
-21.0	6.0	66.0
12.0	24.0	36.0
18.0	-66.0	51.0
-48.0	30.0	36.0
57.0	27.0	30.0
-12.0	-66.0	45.0
-39.0	-63.0	39.0
-42.0	-66.0	54.0
33.0	36.0	-9.0
0.0	36.0	42.0
-12.0	39.0	48.0
-36.0	-39.0	42.0
63.0	-45.0	30.0
-3.0	-57.0	27.0
-3.0	-39.0	6.0
36.0	-66.0	57.0
-3.0	33.0	-15.0
-42.0	-42.0	57.0
36.0	-57.0	42.0
-15.0	-69.0	27.0
-66.0	-36.0	33.0
-9.0	54.0	42.0
-39.0	-72.0	42.0
15.0	15.0	66.0
-3.0	-69.0	36.0
42.0	-69.0	39.0
-42.0	-9.0	0.0
-45.0	-33.0	39.0

// 23026757-1
// Subjects=20
-27.0	-9.0	-18.0

// 23028774-1
// Subjects=20
42.0	-86.0	-6.0
-26.0	22.0	46.0
-18.0	16.0	46.0
38.0	-68.0	36.0
22.0	-78.0	46.0
16.0	-98.0	-2.0
12.0	-80.0	48.0
-2.0	26.0	-4.0
16.0	-60.0	6.0
-16.0	18.0	22.0
-32.0	-68.0	10.0
-10.0	-50.0	8.0
-22.0	30.0	50.0
12.0	-52.0	8.0
-6.0	48.0	2.0
24.0	22.0	54.0
28.0	-40.0	-10.0
6.0	30.0	-2.0
8.0	-46.0	4.0
24.0	12.0	66.0
-14.0	-54.0	14.0
-14.0	32.0	56.0

// 23036282-1
// Subjects=20
-34.0	-75.0	-25.0
55.0	-53.0	32.0
-24.0	-91.0	12.0
10.0	-51.0	28.0
-59.0	-3.0	-13.0
26.0	-34.0	-24.0
51.0	-56.0	38.0
-16.0	-82.0	-8.0
22.0	-77.0	-20.0
-20.0	-79.0	-21.0
-10.0	-86.0	-4.0
16.0	-80.0	-4.0
57.0	-57.0	19.0
40.0	-59.0	21.0
26.0	-32.0	-17.0
-12.0	-54.0	17.0
-59.0	-14.0	-9.0
57.0	-7.0	-20.0
-53.0	-9.0	-16.0
-26.0	-79.0	-20.0
6.0	43.0	-4.0
-53.0	-55.0	18.0
-38.0	-49.0	21.0
-26.0	-76.0	-3.0
16.0	-86.0	-4.0
-40.0	-57.0	16.0
2.0	-44.0	8.0
51.0	-51.0	19.0
45.0	3.0	-24.0
-59.0	-16.0	-8.0
28.0	-81.0	-26.0
-18.0	-55.0	21.0
-26.0	-1.0	-23.0
-22.0	-76.0	-10.0
12.0	-51.0	23.0
-59.0	-45.0	-1.0
28.0	12.0	-22.0
32.0	-80.0	-6.0
-8.0	-59.0	27.0
-51.0	-54.0	17.0
12.0	-85.0	3.0
24.0	-46.0	-21.0
44.0	-61.0	25.0
18.0	-69.0	-25.0

// 23110678-1
// Subjects=20
-60.0	-52.0	-10.0
-48.0	-66.0	46.0
-40.0	-58.0	48.0
62.0	-34.0	-14.0
-2.0	-56.0	36.0
-56.0	-48.0	44.0
30.0	-72.0	44.0
0.0	28.0	-10.0
-56.0	-40.0	44.0
10.0	-72.0	44.0
-58.0	-52.0	40.0
32.0	-70.0	46.0
-8.0	58.0	0.0
18.0	12.0	54.0
-60.0	-54.0	32.0
-34.0	22.0	-10.0

// 23147501-1
// Subjects=20
-27.0	-90.0	15.0
42.0	15.0	-33.0
24.0	36.0	30.0
66.0	-21.0	-12.0
-36.0	9.0	-30.0
15.0	-9.0	-24.0
-33.0	-75.0	15.0
36.0	3.0	18.0
36.0	-39.0	39.0
-36.0	-42.0	23.0
-30.0	6.0	-15.0
-21.0	-87.0	-15.0
-33.0	21.0	39.0
-21.0	-78.0	24.0
36.0	45.0	12.0
27.0	54.0	-6.0
33.0	51.0	-12.0
39.0	-72.0	18.0
18.0	51.0	3.0
-36.0	36.0	15.0
24.0	-27.0	-30.0
21.0	-75.0	3.0
-33.0	-72.0	12.0
27.0	42.0	-12.0
39.0	-69.0	-3.0
21.0	-45.0	-24.0
57.0	-12.0	6.0
51.0	-51.0	-33.0
-30.0	-42.0	-39.0
-45.0	21.0	-15.0
24.0	-18.0	3.0
0.0	-96.0	3.0
-27.0	3.0	-17.0
33.0	9.0	27.0
-42.0	-27.0	15.0

// 23201363-1
// Subjects=20
45.0	-76.0	28.0
-33.0	5.0	52.0
45.0	17.0	1.0
42.0	-49.0	43.0
39.0	8.0	52.0
-3.0	17.0	52.0
-9.0	-70.0	43.0
-42.0	11.0	49.0
-3.0	-22.0	28.0
-9.0	32.0	-14.0
60.0	-31.0	46.0
-24.0	-16.0	-17.0
-6.0	23.0	-5.0
42.0	32.0	31.0
-24.0	56.0	-2.0
54.0	29.0	28.0
-42.0	35.0	34.0
21.0	-7.0	-14.0
57.0	-52.0	-5.0
-3.0	-43.0	22.0
-6.0	-70.0	34.0
-27.0	-76.0	-8.0
-48.0	-34.0	-2.0
24.0	11.0	49.0
-12.0	-13.0	10.0
60.0	-55.0	37.0
-48.0	-52.0	43.0
33.0	56.0	10.0
-3.0	-55.0	13.0
-9.0	-22.0	-14.0
12.0	-61.0	61.0
36.0	32.0	-14.0
18.0	-70.0	10.0

// 23206530-1
// Subjects=20
-30.0	-36.0	-18.0
24.0	-40.0	-28.0
-46.0	-70.0	32.0
22.0	-8.0	-18.0
42.0	52.0	-8.0
-44.0	20.0	36.0
-4.0	24.0	44.0
-46.0	10.0	42.0
-26.0	-28.0	-18.0
-46.0	44.0	0.0
-44.0	-50.0	44.0
-62.0	-30.0	20.0
10.0	24.0	22.0
-34.0	2.0	54.0
-4.0	28.0	28.0
54.0	32.0	-2.0
2.0	-10.0	40.0
-12.0	46.0	38.0
-40.0	10.0	50.0
40.0	8.0	56.0
-48.0	32.0	2.0
4.0	10.0	-6.0
14.0	16.0	64.0
58.0	30.0	8.0
-48.0	-68.0	32.0
-6.0	28.0	32.0
38.0	20.0	-8.0
30.0	28.0	-4.0
12.0	-60.0	28.0
-48.0	-56.0	22.0
-18.0	-16.0	-24.0
-42.0	22.0	-16.0
50.0	-48.0	42.0
-6.0	22.0	42.0
-52.0	-16.0	-4.0
-10.0	-42.0	0.0
-14.0	54.0	28.0
34.0	48.0	0.0
-30.0	18.0	-2.0
-8.0	48.0	40.0
-6.0	-48.0	34.0
-28.0	-64.0	36.0
-12.0	56.0	30.0
-32.0	2.0	-24.0
34.0	8.0	50.0
-42.0	10.0	-24.0
-46.0	28.0	-8.0
-16.0	32.0	54.0
-52.0	-34.0	-6.0
-6.0	-52.0	10.0
-44.0	-58.0	50.0
-6.0	60.0	12.0
-48.0	14.0	-8.0
46.0	34.0	30.0
-36.0	44.0	-8.0
-40.0	16.0	2.0
-22.0	28.0	50.0
-42.0	8.0	-32.0
-18.0	-2.0	-16.0
-38.0	54.0	10.0
-2.0	-26.0	28.0
-52.0	-68.0	26.0
-60.0	-40.0	0.0
-2.0	-50.0	30.0

// 23266012-1
// Subjects=20
18.0	46.0	-26.0
0.0	-14.0	54.0
28.0	-32.0	4.0
10.0	-62.0	20.0
-34.0	-44.0	-4.0
8.0	66.0	-18.0
26.0	-28.0	-18.0
-2.0	-24.0	26.0
6.0	-26.0	22.0
20.0	-50.0	34.0
70.0	-2.0	-10.0
40.0	-78.0	26.0
-46.0	-22.0	-12.0
-24.0	-76.0	34.0

// 23384193-1
// Subjects=20
12.0	11.0	2.0
-6.0	17.0	50.0
-33.0	38.0	35.0
-21.0	-34.0	-13.0
57.0	-58.0	8.0
-21.0	-34.0	-13.0
-39.0	-49.0	47.0
-39.0	-49.0	47.0
-36.0	-67.0	44.0
33.0	29.0	-4.0
-9.0	8.0	10.0
-33.0	2.0	62.0
-6.0	32.0	35.0
-12.0	-79.0	2.0
-12.0	-70.0	26.0
18.0	-91.0	14.0
-12.0	-73.0	-4.0
42.0	-55.0	50.0
-30.0	26.0	-10.0
-23.0	11.0	22.0
-9.0	14.0	-4.0
-9.0	8.0	10.0
60.0	5.0	35.0
-12.0	-73.0	-4.0
12.0	-70.0	26.0
-48.0	11.0	35.0
-12.0	-70.0	26.0
-42.0	-61.0	44.0
42.0	8.0	29.0
48.0	29.0	17.0
-27.0	-73.0	32.0
-39.0	44.0	8.0
-6.0	20.0	47.0
33.0	-64.0	47.0
39.0	20.0	-7.0
33.0	29.0	-19.0
-6.0	-28.0	-10.0
6.0	-25.0	-13.0
36.0	-88.0	8.0
-6.0	-52.0	50.0
15.0	-76.0	2.0
-36.0	-67.0	44.0
-33.0	37.0	34.0
-27.0	-82.0	-7.0
15.0	-37.0	44.0
57.0	-25.0	11.0
24.0	-46.0	71.0
6.0	-94.0	14.0
-12.0	-67.0	29.0
57.0	-55.0	17.0
-63.0	-31.0	23.0
57.0	-40.0	29.0
9.0	-58.0	59.0
27.0	38.0	38.0

// 23435209-1
// Subjects=20
-33.0	-25.5	-3.0
-15.0	19.5	-1.5
-19.5	-3.0	12.0
-13.5	6.0	4.5
-45.0	21.0	6.0
-46.5	16.5	-1.5
-28.5	25.5	0.0
-6.0	-19.5	7.5
-10.5	-24.0	7.5
-25.5	28.5	39.0
-25.5	-31.5	-12.0
-52.5	-69.0	-4.5
-18.0	-25.5	7.5
-10.5	-58.5	9.0
-22.5	13.5	-6.0
-21.0	6.0	-1.5
-45.0	3.0	25.5
-30.0	28.5	42.0
-28.5	-24.0	-10.5
-34.5	1.5	33.0
43.5	36.0	3.0
48.0	30.0	16.5
-45.0	-61.5	21.0
-52.5	-60.0	-12.0
-63.0	-30.0	27.0
-9.0	-70.5	10.5
-42.0	27.0	19.5
-55.5	12.0	6.0
-27.0	-37.5	4.5
-9.0	18.0	-3.0
9.0	-55.5	4.5
52.5	10.5	-4.5
-42.0	-24.0	10.5
-33.0	-28.5	15.0
-37.5	-37.5	12.0
-12.0	-52.5	0.0
51.0	-55.5	-6.0
55.5	-61.5	-1.5
-21.0	-67.5	-9.0
0.0	4.5	34.5
-48.0	-19.5	-12.0
-12.0	-79.5	3.0
-24.0	-30.0	7.5
19.5	3.0	-13.5
-45.0	-15.0	18.0
-3.0	-61.5	10.5
4.5	-76.5	1.5
-45.0	9.0	-4.5
-45.0	-12.0	9.0
42.0	-73.5	4.5
6.0	-64.5	3.0
-49.5	-39.0	16.5
-1.5	-13.5	7.5
-3.0	-6.0	3.0
-25.5	10.5	-10.5
-15.0	-36.0	-6.0
-18.0	9.0	-6.0
-6.0	22.5	42.0
-24.0	-55.5	0.0
-51.0	-55.5	7.5
-3.0	-21.0	12.0
-6.0	-19.5	7.5
-24.0	22.5	-13.5
-45.0	12.0	13.5
-3.0	-4.5	31.5
-3.0	48.0	33.0
12.0	43.5	15.0
-27.0	16.5	-16.5
-21.0	0.0	-15.0
-3.0	-51.0	16.5
-1.5	-63.0	16.5
-4.5	-37.5	24.0
-24.0	-31.5	-15.0
4.5	-4.5	1.5
-15.0	-37.5	-7.5
-18.0	-25.5	7.5
42.0	-45.0	-19.5
-24.0	-30.0	7.5
22.5	-28.5	-16.5
-55.5	-63.0	21.0
-18.0	-28.5	12.0
4.5	-57.0	19.5
-40.5	-60.0	22.5
-48.0	-69.0	18.0
-18.0	-28.5	12.0
-9.0	58.5	28.5
4.5	-9.0	31.5
15.0	-19.5	10.5
13.5	-19.5	1.5
13.5	-19.5	1.5
-10.5	-24.0	7.5
3.0	-10.5	6.0
0.0	9.0	34.5
-4.5	66.0	3.0
-24.0	-30.0	7.5
-3.0	-24.0	6.0
-13.5	-27.0	0.0
-22.5	-34.5	3.0
-13.5	-19.5	6.0
15.0	-19.5	10.5
15.0	-19.5	10.5
-13.5	-27.0	0.0
7.5	-24.0	1.5
13.5	-19.5	1.5
-7.5	-22.5	3.0
10.5	-21.0	4.5
15.0	-16.5	7.5
-12.0	-9.0	12.0
10.5	-21.0	4.5
-13.5	-9.0	12.0
7.5	-16.5	7.5
-10.5	-13.5	10.5
4.5	-4.5	1.5
3.0	-10.5	6.0
-3.0	-6.0	3.0
-1.5	-13.5	7.5
-9.0	-4.5	6.0
-10.5	-4.5	9.0
-3.0	-21.0	12.0
-16.5	55.5	31.5

// 23734122-1
// Subjects=20
-25.0	-26.0	-12.0
-32.0	21.0	-19.0
-37.0	11.0	46.0
2.0	-21.0	11.0
-30.0	-35.0	-19.0
-53.0	-2.0	-23.0
18.0	-16.0	-14.0
19.0	-40.0	18.0
33.0	-51.0	5.0
-5.0	-53.0	11.0
-7.0	61.0	4.0
-58.0	2.0	39.0
-5.0	-21.0	39.0
-60.0	-46.0	-9.0
-42.0	30.0	33.0
19.0	-12.0	26.0
-46.0	25.0	28.0
37.0	12.0	46.0
23.0	2.0	53.0
51.0	-30.0	46.0
-26.0	-5.0	47.0
-46.0	-28.0	42.0
-12.0	-77.0	54.0
-37.0	-61.0	46.0
-46.0	11.0	46.0
2.0	35.0	30.0
-4.0	0.0	49.0
30.0	-63.0	32.0
-7.0	-54.0	19.0
-35.0	33.0	-12.0
-51.0	-53.0	16.0
35.0	-75.0	35.0
-44.0	26.0	39.0
-40.0	19.0	9.0
-46.0	25.0	28.0
-12.0	-72.0	51.0
-44.0	26.0	39.0
-37.0	-53.0	44.0
51.0	-58.0	46.0
53.0	-35.0	51.0
37.0	-51.0	39.0
53.0	-4.0	5.0
-12.0	-72.0	51.0
-18.0	-56.0	18.0
-35.0	-19.0	60.0
46.0	19.0	0.0
-37.0	-53.0	44.0
28.0	-39.0	-12.0
-9.0	51.0	-7.0
54.0	5.0	35.0
-60.0	-26.0	14.0
32.0	-35.0	-18.0
-18.0	-56.0	16.0
32.0	-35.0	-18.0
-2.0	-56.0	33.0
-7.0	61.0	2.0
-30.0	-74.0	28.0
21.0	-54.0	14.0
-32.0	-40.0	-16.0
4.0	-60.0	53.0
-19.0	-56.0	16.0
-2.0	-56.0	33.0

// 23918599-1
// Subjects=20
-30.0	-55.0	49.0
39.0	-37.0	-20.0
30.0	-52.0	-14.0
6.0	-31.0	28.0
6.0	-28.0	-5.0
21.0	-88.0	-8.0
-33.0	-88.0	10.0
36.0	-46.0	46.0
-6.0	17.0	49.0
-27.0	-58.0	-11.0
-9.0	-70.0	43.0
-6.0	-94.0	-11.0
-51.0	29.0	22.0
-42.0	8.0	31.0

// 23954715-1
// Subjects=20
-44.0	-82.0	10.0
-10.0	-72.0	22.0
-46.0	38.0	16.0
-38.0	-74.0	16.0
-6.0	-42.0	66.0
-42.0	14.0	38.0
-56.0	14.0	26.0
-28.0	-14.0	-16.0
26.0	-4.0	64.0
4.0	-90.0	8.0
38.0	-68.0	0.0
40.0	-36.0	-8.0
-50.0	-52.0	-8.0
-26.0	-12.0	-16.0
16.0	-4.0	-14.0
-32.0	-18.0	-12.0
60.0	-10.0	-2.0
-48.0	14.0	34.0
-50.0	14.0	6.0
18.0	22.0	12.0
68.0	-32.0	6.0
-38.0	-38.0	-2.0
-46.0	16.0	30.0
-44.0	14.0	28.0
-34.0	-66.0	56.0
20.0	-12.0	-14.0
-46.0	-46.0	-14.0
-44.0	16.0	42.0
-44.0	-82.0	10.0
16.0	-4.0	-12.0
-30.0	-12.0	-18.0
-52.0	28.0	26.0
48.0	-10.0	-10.0
-40.0	18.0	18.0
34.0	-24.0	-14.0
34.0	-42.0	2.0
-32.0	-12.0	-18.0
-32.0	-80.0	-26.0
-40.0	-70.0	-8.0
-34.0	-68.0	56.0
12.0	-78.0	-18.0
-12.0	34.0	30.0
-34.0	-34.0	0.0
-42.0	32.0	24.0
-12.0	-98.0	8.0
-28.0	-66.0	-10.0
-22.0	-76.0	-12.0
-12.0	-80.0	16.0
2.0	-76.0	6.0
24.0	-10.0	-14.0
60.0	-24.0	-4.0
50.0	-12.0	-10.0
-24.0	-44.0	-16.0
-10.0	-6.0	34.0
44.0	-52.0	26.0
48.0	-66.0	-8.0
54.0	-44.0	12.0
20.0	-78.0	22.0
-58.0	14.0	26.0
70.0	-28.0	-2.0
10.0	14.0	30.0
34.0	40.0	-10.0

// 24009565-1
// Subjects=20
24.0	-1.0	-20.0
32.0	-31.0	-5.0
24.0	3.0	-24.0
-32.0	-27.0	-5.0
32.0	-27.0	-5.0
-24.0	-1.0	-13.0
-32.0	-1.0	-10.0
-32.0	-1.0	-10.0
32.0	-32.0	-9.0
-32.0	-16.0	-16.0
-40.0	-16.0	-20.0
-36.0	-24.0	-9.0
32.0	-12.0	-13.0
-36.0	19.0	-14.0
-24.0	-42.0	13.0
32.0	-12.0	-13.0
-36.0	19.0	-8.0
-32.0	-16.0	-16.0
-36.0	-16.0	-16.0
-32.0	-39.0	-1.0
-32.0	-16.0	-16.0
-4.0	-59.0	62.0
-32.0	-16.0	-16.0
-55.0	12.0	10.0
20.0	47.0	1.0
-56.0	11.0	-7.0
-32.0	-12.0	-9.0
-24.0	-42.0	13.0
-60.0	-4.0	-3.0
-36.0	-16.0	-16.0
-48.0	-18.0	34.0
44.0	42.0	-5.0
-32.0	-16.0	-16.0
-20.0	-4.0	-10.0
-56.0	0.0	-7.0
-24.0	-42.0	13.0
-32.0	-8.0	-13.0
-48.0	-18.0	34.0
28.0	35.0	-5.0
-32.0	-12.0	-9.0
20.0	3.0	-24.0
-48.0	-18.0	34.0
40.0	42.0	-5.0
-44.0	-18.0	34.0
24.0	-1.0	-23.0
-32.0	-16.0	-16.0
-32.0	-1.0	-10.0
-24.0	-46.0	13.0
-32.0	-16.0	-16.0

// 24094578-1
// Subjects=20
-7.0	-86.0	-9.0
0.0	42.0	1.0
0.0	33.0	-21.0
37.0	-81.0	34.0
-15.0	-68.0	3.0
-19.0	-23.0	14.0
7.0	-68.0	-10.0
30.0	9.0	2.0
-11.0	7.0	37.0
15.0	32.0	36.0
52.0	-50.0	-8.0
-7.0	53.0	4.0
22.0	-49.0	12.0
-52.0	-14.0	52.0
19.0	-80.0	45.0
59.0	-56.0	23.0
45.0	7.0	-29.0
-30.0	7.0	-36.0
26.0	-25.0	-21.0
-7.0	-37.0	25.0
22.0	-32.0	-9.0
-19.0	43.0	39.0
15.0	1.0	55.0
-26.0	-16.0	7.0
-30.0	-80.0	38.0
37.0	-12.0	21.0
-37.0	-11.0	-28.0
-4.0	60.0	10.0
-45.0	-73.0	34.0
41.0	-30.0	22.0
-45.0	10.0	23.0
41.0	-52.0	23.0
-59.0	-14.0	-22.0
37.0	-50.0	-8.0
37.0	-24.0	66.0
-26.0	-35.0	-8.0
-15.0	-47.0	-17.0
15.0	-53.0	71.0
52.0	17.0	23.0
30.0	52.0	-6.0
67.0	2.0	20.0
63.0	-24.0	4.0
-59.0	-31.0	8.0
26.0	56.0	3.0
45.0	-9.0	17.0
-30.0	-70.0	34.0

// 24177990-1
// Subjects=20
-4.0	49.0	32.0
-51.0	27.0	-3.0
-49.0	-63.0	45.0
-51.0	15.0	33.0
-22.0	-9.0	-28.0
-45.0	29.0	32.0
-39.0	14.0	-22.0
-44.0	15.0	48.0
-38.0	33.0	16.0
-32.0	-24.0	-12.0
-35.0	-56.0	42.0

// 24283491-1
// Subjects=20
-4.0	58.0	6.0
60.0	-24.0	10.0
2.0	50.0	-16.0
18.0	54.0	-6.0
-44.0	8.0	-22.0
10.0	-44.0	-24.0
0.4	42.0	0.2
26.0	-48.0	-46.0
20.0	30.0	50.0
-56.0	-24.0	-22.0
22.0	-38.0	-42.0
-40.0	10.0	26.0
-30.0	-58.0	46.0
36.0	-46.0	-20.0
-34.0	-48.0	0.0
-4.0	22.0	-6.0
22.0	32.0	48.0
32.0	6.0	12.0
-32.0	-36.0	10.0
2.0	-20.0	46.0
-14.0	-48.0	64.0
-40.0	10.0	26.0
14.0	-34.0	26.0
30.0	24.0	-2.0
6.0	-20.0	46.0
22.0	4.0	26.0
-42.0	-58.0	26.0
-34.0	-42.0	-22.0
-38.0	-24.0	0.0
-38.0	-10.0	22.0
24.0	2.0	14.0
52.0	-6.0	-32.0
-26.0	-14.0	-14.0
-22.0	-6.0	30.0
-24.0	2.0	10.0
-20.0	-38.0	-44.0
58.0	-30.0	32.0
22.0	-44.0	22.0
-12.0	-14.0	60.0
-44.0	10.0	-20.0
16.0	-14.0	62.0
36.0	-12.0	6.0
40.0	-12.0	18.0
58.0	-6.0	0.0
-30.0	22.0	-2.0
-34.0	-48.0	-2.0
-40.0	4.0	-6.0
-54.0	-8.0	2.0
56.0	-22.0	-26.0
18.0	52.0	-8.0
-8.0	60.0	10.0
-56.0	-24.0	-22.0
36.0	-46.0	-20.0
28.0	44.0	-2.0
38.0	-20.0	54.0
58.0	-30.0	34.0
4.0	30.0	-8.0
42.0	4.0	-6.0
-30.0	-58.0	46.0
28.0	-48.0	-44.0
36.0	-12.0	6.0
52.0	-6.0	-32.0
-38.0	-20.0	-2.0
58.0	-24.0	20.0
-6.0	-44.0	-24.0
-40.0	-8.0	24.0
30.0	24.0	-2.0
32.0	2.0	24.0
-6.0	40.0	-6.0
-20.0	-10.0	32.0
-26.0	-18.0	-18.0
-12.0	-32.0	-26.0
-6.0	-2.0	-18.0
-48.0	-42.0	-18.0
12.0	-36.0	68.0
-24.0	2.0	12.0
38.0	0.0	-24.0
-34.0	-42.0	-22.0
28.0	-36.0	58.0
-26.0	-12.0	-16.0
4.0	14.0	20.0
22.0	-76.0	-32.0
40.0	-12.0	18.0
-20.0	-40.0	4.0
58.0	-8.0	0.0
10.0	-42.0	-22.0
60.0	-24.0	10.0
34.0	54.0	0.0
-6.0	-26.0	70.0
-44.0	10.0	-16.0
32.0	-22.0	52.0
-4.0	16.0	22.0
-52.0	-8.0	-12.0
-10.0	0.0	-14.0
16.0	-2.0	-24.0
28.0	46.0	-4.0
24.0	14.0	6.0
-12.0	-18.0	58.0
-30.0	22.0	-2.0
-46.0	-16.0	-26.0
-18.0	30.0	32.0
-20.0	42.0	38.0

// 24427267-1
// Subjects=20
56.0	-26.0	2.0
-30.0	0.0	-28.0
26.0	-14.0	-4.0
-32.0	4.0	-28.0
36.0	42.0	-12.0
50.0	-10.0	6.0
24.0	62.0	16.0
-12.0	-2.0	-22.0
24.0	16.0	54.0
26.0	-16.0	-10.0
-28.0	36.0	-22.0
8.0	52.0	-26.0
-32.0	6.0	-28.0
44.0	-30.0	-12.0
-6.0	56.0	-22.0
-14.0	4.0	-24.0
-32.0	46.0	30.0
66.0	-24.0	8.0
-22.0	-20.0	-12.0
-26.0	-6.0	-24.0
-20.0	-6.0	-30.0
-34.0	8.0	-26.0
-54.0	4.0	8.0
-16.0	2.0	-30.0
-28.0	8.0	-28.0
-28.0	8.0	-20.0
-32.0	12.0	-28.0
-16.0	-6.0	-26.0
-28.0	0.0	-22.0
-24.0	-8.0	-22.0
-16.0	-2.0	-28.0
-24.0	4.0	-24.0
-16.0	0.0	-20.0

// 24495660-1
// Subjects=20
11.0	-93.2	-0.8
-13.5	-17.3	33.2
33.8	-28.1	69.3
-15.1	-46.9	-46.8
-64.0	-23.6	-2.5
61.4	-51.7	36.4
-15.7	42.9	55.0
-20.7	-32.5	71.4
-34.7	-36.3	50.7
24.2	-60.5	63.2
-45.0	-29.9	-30.0
-55.1	-17.8	44.9
-39.1	5.6	56.1
38.5	14.0	6.6
31.0	-74.2	-31.7
-19.1	35.3	26.6
-14.1	4.7	-26.6
-63.1	-21.1	-25.0
-13.7	-3.0	12.0
-54.0	-15.9	54.8
46.0	-47.6	-19.6
27.1	11.5	44.8
55.1	-60.9	41.7
52.7	-31.7	20.3
-1.8	-1.0	37.3
63.5	-25.4	46.4
-15.4	-30.0	62.2
20.9	-89.7	30.0
32.8	72.8	-16.1
66.4	-1.0	17.6
28.5	-68.4	57.1
1.9	-54.4	-62.0
-35.3	-43.8	-32.3
10.7	67.2	22.5
45.2	26.9	48.9
-57.6	7.2	10.5
-8.6	78.5	19.6
-48.8	-68.9	16.8
-42.9	-62.3	-50.8
-65.0	-28.2	6.9
15.8	-35.5	-53.7
-33.3	67.2	-0.4
36.1	38.3	-22.2
53.4	-46.3	-30.9
41.8	-24.9	-0.2
-4.3	-79.1	-37.5
-33.1	-81.1	-32.6
-14.7	-57.2	-0.2
-2.9	-17.8	26.5
-33.5	16.8	-46.4
23.0	-46.3	54.2
-6.1	16.8	47.0
6.3	-8.6	-21.3
7.1	-15.0	75.2
-26.5	-43.3	1.0
-26.8	-4.9	-24.5
-25.0	-54.7	59.9
-26.7	11.7	-2.5
66.2	-35.6	-30.8

// 24564467-1
// Subjects=20
-27.0	-19.0	-20.0
-30.0	-34.0	-11.0
33.0	-46.0	-11.0
39.0	-13.0	7.0
36.0	2.0	13.0
-21.0	17.0	-17.0
54.0	5.0	10.0

// 24608131-1
// Subjects=20
-50.0	4.0	-28.0
-46.0	22.0	6.0
2.0	38.0	-6.0
10.0	8.0	18.0
4.0	56.0	20.0
10.0	44.0	2.0
20.0	16.0	16.0
-22.0	-18.0	-22.0
-8.0	-58.0	22.0
52.0	10.0	-30.0
56.0	-62.0	22.0
-6.0	18.0	66.0
-2.0	-4.0	-4.0
16.0	-84.0	-32.0
28.0	-16.0	-12.0
-8.0	62.0	16.0
50.0	2.0	-30.0
-10.0	8.0	18.0
-64.0	-16.0	-14.0
-48.0	-66.0	26.0
-2.0	-58.0	22.0
-30.0	20.0	-16.0
-26.0	-16.0	-26.0
-12.0	56.0	0.0
34.0	16.0	-16.0
-30.0	24.0	-18.0
34.0	-74.0	-20.0
-60.0	-6.0	-16.0
-44.0	24.0	-12.0
-40.0	-60.0	22.0
16.0	36.0	56.0

// 24639328-1
// Subjects=20
30.0	-8.0	-30.0
28.0	-14.0	-18.0
12.0	42.0	32.0
8.0	34.0	34.0
44.0	22.0	50.0
44.0	28.0	20.0

// 24700584-1
// Subjects=20
-6.0	-55.0	37.0
-12.0	59.0	25.0
-42.0	-61.0	28.0
-27.0	26.0	1.0
-57.0	-37.0	1.0
-45.0	29.0	-5.0
-6.0	-67.0	34.0
12.0	-70.0	-2.0
-33.0	-55.0	40.0
9.0	5.0	-2.0
-9.0	-94.0	16.0
-39.0	8.0	40.0
54.0	-28.0	28.0
-12.0	5.0	-2.0
-6.0	17.0	46.0

// 24824899-1
// Subjects=20
12.0	-45.0	-44.0
-6.0	-54.0	20.0
-9.0	45.0	44.0
-51.0	-69.0	24.0
-39.0	-39.0	-4.0
-39.0	24.0	-16.0
24.0	-75.0	-36.0
42.0	27.0	-16.0
-3.0	60.0	20.0
21.0	-78.0	-36.0
45.0	-51.0	-8.0
48.0	-15.0	52.0
-9.0	60.0	32.0
45.0	-12.0	52.0
-12.0	-60.0	12.0
54.0	-36.0	52.0
9.0	-42.0	-44.0
-42.0	24.0	-16.0
-51.0	-33.0	40.0
-9.0	0.0	60.0
-21.0	33.0	48.0
42.0	33.0	-12.0
-45.0	-45.0	48.0
-24.0	-60.0	-4.0
-60.0	0.0	12.0
-9.0	57.0	28.0

// 24825621-1
// Subjects=20
-42.0	3.0	30.0
-54.0	-33.0	24.0
-39.0	12.0	42.0
-36.0	-54.0	-21.0
-6.0	-18.0	-12.0
54.0	-30.0	24.0
-36.0	-87.0	-3.0
-33.0	36.0	-9.0
-6.0	-24.0	27.0
33.0	-48.0	-24.0
-63.0	-54.0	-3.0
-36.0	-9.0	-27.0
-6.0	-12.0	27.0
48.0	0.0	9.0
-12.0	57.0	27.0
18.0	6.0	60.0
-33.0	21.0	-3.0
-33.0	21.0	-3.0
39.0	-78.0	33.0
24.0	3.0	69.0
-6.0	-12.0	27.0
42.0	39.0	24.0
-39.0	-48.0	27.0
-9.0	-72.0	57.0
15.0	-69.0	57.0
-42.0	48.0	-6.0
33.0	36.0	39.0
-24.0	0.0	57.0
12.0	-69.0	-24.0
-39.0	-54.0	45.0
-39.0	-54.0	45.0
-12.0	-66.0	36.0
24.0	-45.0	72.0
-42.0	48.0	-6.0
-39.0	12.0	42.0
-12.0	-66.0	36.0
42.0	42.0	15.0
-45.0	-60.0	-12.0
33.0	-93.0	0.0
-42.0	-39.0	42.0
36.0	15.0	9.0
-12.0	-66.0	60.0
-30.0	-90.0	-12.0
-21.0	-63.0	24.0
21.0	-63.0	24.0
54.0	9.0	21.0
-21.0	-66.0	6.0
-51.0	0.0	33.0
3.0	-63.0	-15.0
-9.0	-12.0	57.0
-33.0	-33.0	66.0
-33.0	24.0	57.0
-21.0	33.0	51.0
-30.0	39.0	36.0
-30.0	-45.0	-27.0
-24.0	-39.0	63.0
-36.0	-30.0	69.0
27.0	-45.0	-27.0
-42.0	-72.0	39.0
-48.0	-69.0	-12.0
-27.0	-3.0	54.0
36.0	-81.0	-12.0
12.0	9.0	51.0
-30.0	0.0	63.0
-36.0	-21.0	69.0
27.0	-57.0	-24.0
36.0	-51.0	-24.0
-33.0	18.0	9.0
3.0	-30.0	63.0
-24.0	-66.0	48.0
-36.0	-60.0	-18.0
-27.0	-78.0	6.0
-39.0	15.0	48.0
27.0	6.0	54.0
-33.0	-21.0	69.0
36.0	-84.0	-9.0
12.0	-51.0	-12.0
-6.0	-24.0	27.0

// 24828546-1
// Subjects=20
28.0	-68.0	18.0
-40.0	52.0	24.0
2.0	12.0	26.0
-16.0	-80.0	52.0
2.0	12.0	26.0
24.0	-36.0	-18.0
-26.0	50.0	20.0
32.0	-64.0	22.0
14.0	46.0	54.0
28.0	0.0	56.0
-12.0	-24.0	22.0
2.0	-52.0	6.0
30.0	18.0	-32.0
-4.0	52.0	50.0
26.0	-20.0	-22.0
0.0	14.0	-10.0
68.0	-36.0	14.0
-10.0	-96.0	8.0
-28.0	-96.0	-10.0
50.0	38.0	6.0
36.0	-78.0	14.0
-6.0	68.0	18.0
-36.0	18.0	-40.0
-40.0	28.0	-22.0
48.0	-2.0	36.0
28.0	38.0	-8.0
32.0	-78.0	-38.0
8.0	-70.0	-18.0
-64.0	-28.0	2.0
-8.0	44.0	56.0
18.0	-78.0	4.0
-12.0	-46.0	38.0
4.0	10.0	-8.0
-36.0	32.0	50.0
30.0	-84.0	32.0
-28.0	-32.0	-14.0
4.0	6.0	28.0
46.0	-74.0	-4.0
-44.0	6.0	-36.0
-28.0	-62.0	-14.0
30.0	-66.0	-12.0
30.0	32.0	-26.0
-8.0	-8.0	66.0
26.0	0.0	52.0
24.0	-62.0	30.0
-30.0	-26.0	-14.0
-32.0	-32.0	-16.0
18.0	-2.0	16.0
28.0	-64.0	44.0
32.0	-38.0	-18.0
28.0	-18.0	-22.0
32.0	-40.0	-16.0
-12.0	-24.0	28.0
32.0	-26.0	-24.0
-54.0	-62.0	-4.0
32.0	-66.0	36.0
16.0	4.0	16.0
50.0	4.0	38.0
30.0	-48.0	-14.0
-6.0	-2.0	60.0
6.0	-84.0	-8.0
-28.0	38.0	-12.0
6.0	2.0	62.0
-54.0	-40.0	6.0
-8.0	-44.0	48.0
8.0	-44.0	46.0
-14.0	-62.0	48.0
-46.0	-46.0	44.0
22.0	-58.0	46.0
-48.0	6.0	28.0
-32.0	-38.0	-16.0

// 24917798-1
// Subjects=20
27.0	4.0	-13.0
-30.0	-8.0	-11.0
-16.0	0.0	-12.0
-19.0	0.0	-14.0
-23.0	-39.0	4.0
18.0	-11.0	-18.0
14.0	0.0	-17.0
25.0	-39.0	1.0
-19.0	-30.0	-10.0
-30.0	-7.0	-15.0
21.0	-31.0	-2.0
-20.0	-27.0	-6.0
-23.0	-22.0	-20.0
21.0	-11.0	-22.0
-27.0	-22.0	-23.0
17.0	-39.0	-3.0
14.0	4.0	-13.0
18.0	-26.0	-19.0
18.0	-34.0	-9.0

// 24946317-1
// Subjects=20
-12.0	51.0	7.0
-55.0	-59.0	37.0
-22.0	-19.0	-13.0
47.0	-51.0	35.0
-6.0	34.0	20.0
-17.0	-3.0	-18.0
5.0	-31.0	35.0
-10.0	31.0	32.0
-4.0	-16.0	10.0
-47.0	-47.0	20.0
11.0	-47.0	24.0
-6.0	39.0	22.0
-5.0	-46.0	27.0
-38.0	1.0	-3.0
-23.0	17.0	60.0
-49.0	1.0	46.0
13.0	33.0	20.0
-11.0	-55.0	19.0
-7.0	50.0	15.0
-30.0	15.0	1.0
-2.0	38.0	3.0
-4.0	-59.0	31.0
8.0	50.0	38.0
-48.0	23.0	20.0
-9.0	27.0	58.0
-36.0	-63.0	41.0
22.0	-3.0	-11.0
-10.0	-50.0	22.0
4.0	47.0	33.0
-7.0	35.0	24.0
5.0	36.0	-6.0
-7.0	45.0	37.0
-8.0	-50.0	24.0
-10.0	4.0	10.0
-18.0	-55.0	4.0
0.0	33.0	6.0
-37.0	-66.0	35.0
-32.0	-71.0	35.0
-41.0	-70.0	28.0
7.0	11.0	7.0
-47.0	11.0	39.0
-44.0	19.0	12.0
-14.0	-47.0	26.0
-4.0	52.0	18.0
-17.0	-21.0	-12.0
0.0	-23.0	39.0
11.0	-47.0	25.0
-23.0	-10.0	-20.0
17.0	19.0	60.0
-3.0	44.0	7.0
53.0	-3.0	-9.0
-27.0	-33.0	-5.0
-16.0	-7.0	-9.0
-47.0	-62.0	42.0
-16.0	19.0	61.0
-50.0	-60.0	27.0
-58.0	-60.0	17.0
-6.0	-51.0	13.0
28.0	-21.0	-9.0
22.0	-13.0	-18.0
-38.0	-78.0	20.0
0.0	-23.0	30.0
-13.0	-64.0	23.0
-39.0	-52.0	44.0
-41.0	-56.0	37.0
-37.0	12.0	49.0
-25.0	-31.0	-12.0
-6.0	39.0	34.0
-18.0	13.0	56.0
-39.0	0.0	45.0
-38.0	-77.0	21.0
-45.0	-62.0	35.0
-42.0	-68.0	32.0
-32.0	-72.0	36.0
53.0	-51.0	11.0
-39.0	-80.0	28.0
-4.0	-13.0	10.0
-3.0	-47.0	14.0
-2.0	-49.0	25.0
-50.0	-60.0	32.0
-21.0	23.0	49.0
5.0	-53.0	20.0
-52.0	-62.0	19.0

// 25050426-1
// Subjects=20
-3.0	-58.0	25.0
-3.0	62.0	10.0
9.0	17.0	-8.0
12.0	32.0	-17.0
54.0	-67.0	13.0
3.0	-52.0	28.0
-6.0	11.0	-11.0
9.0	23.0	-8.0
0.0	59.0	16.0
-45.0	-70.0	22.0
-9.0	14.0	-11.0
9.0	26.0	-8.0
-6.0	8.0	-8.0
12.0	32.0	-14.0
57.0	-25.0	19.0
-60.0	-31.0	40.0
6.0	14.0	-8.0

// 25064431-1
// Subjects=20
-12.0	-55.0	19.0
27.0	35.0	-14.0
0.0	-34.0	43.0
-45.0	-73.0	37.0
-9.0	23.0	-11.0
-39.0	35.0	-14.0
27.0	-22.0	58.0

// 25177285-1
// Subjects=20
-30.0	30.0	-11.0
6.0	50.0	19.0
30.0	23.0	52.0
9.0	47.0	10.0
-6.0	38.0	16.0
-33.0	29.0	-17.0
-39.0	11.0	55.0
-27.0	-31.0	-17.0
-24.0	29.0	46.0
-3.0	47.0	-8.0
-27.0	-7.0	-17.0
-27.0	-19.0	-17.0
-27.0	-31.0	-17.0
-30.0	-4.0	-20.0
-3.0	50.0	16.0
60.0	-7.0	-20.0
48.0	-61.0	28.0
-45.0	-61.0	25.0
-39.0	-73.0	49.0
-3.0	38.0	-8.0
3.0	41.0	1.0
45.0	-10.0	-2.0
-60.0	-19.0	-23.0
-63.0	-37.0	-5.0
-9.0	-13.0	13.0
30.0	-28.0	-17.0
18.0	-13.0	-17.0
-3.0	44.0	1.0
33.0	-7.0	13.0
-45.0	-64.0	34.0
54.0	-61.0	26.0
-33.0	-70.0	52.0
6.0	32.0	1.0
-39.0	-22.0	7.0
-36.0	-73.0	40.0
-48.0	-61.0	28.0
12.0	-13.0	7.0
-6.0	38.0	4.0
-18.0	-64.0	-35.0
51.0	-67.0	31.0
-3.0	-49.0	34.0
-6.0	-52.0	34.0
-24.0	20.0	49.0
-27.0	17.0	52.0
-6.0	38.0	1.0
3.0	-61.0	34.0
6.0	-64.0	40.0
6.0	-52.0	13.0
6.0	-16.0	-2.0
-3.0	53.0	-5.0
3.0	47.0	-8.0
-9.0	-10.0	10.0
-24.0	-19.0	-17.0
27.0	20.0	49.0
9.0	-49.0	-47.0
-12.0	-55.0	10.0
-6.0	47.0	-11.0
54.0	2.0	-26.0
30.0	-19.0	-26.0
-3.0	-52.0	16.0
-24.0	-31.0	-20.0
6.0	38.0	7.0
-30.0	-19.0	-20.0
30.0	-13.0	-20.0
-6.0	-55.0	16.0
27.0	20.0	46.0
21.0	-19.0	-17.0
3.0	35.0	7.0
21.0	-13.0	-20.0
30.0	2.0	-17.0
-18.0	-4.0	7.0
-12.0	-10.0	1.0
-30.0	-31.0	-17.0
6.0	50.0	-5.0
-30.0	-76.0	46.0
24.0	-16.0	-26.0
-30.0	-1.0	-17.0
3.0	41.0	1.0
45.0	-67.0	37.0
30.0	14.0	61.0
18.0	-52.0	4.0
-45.0	-61.0	25.0
-45.0	-70.0	28.0
-12.0	-61.0	7.0
48.0	-64.0	25.0
-51.0	-7.0	-17.0
6.0	-10.0	10.0
-6.0	-49.0	34.0
6.0	-58.0	10.0
-42.0	-76.0	37.0
-36.0	-79.0	40.0
42.0	-70.0	40.0
15.0	-43.0	-50.0
-6.0	-58.0	13.0
45.0	-61.0	28.0
-27.0	-76.0	52.0
57.0	-4.0	-23.0
30.0	-73.0	49.0
42.0	-70.0	40.0
12.0	-52.0	4.0
-6.0	-61.0	25.0
-6.0	-52.0	-44.0
-6.0	-52.0	-41.0
-3.0	38.0	-23.0
3.0	-67.0	34.0
9.0	-52.0	10.0
9.0	-49.0	-47.0
-6.0	-55.0	-50.0
3.0	-49.0	49.0
-63.0	-43.0	-11.0
6.0	59.0	22.0
24.0	17.0	49.0
-6.0	-58.0	22.0
12.0	-61.0	28.0
-54.0	-58.0	31.0
-3.0	-49.0	37.0
3.0	-34.0	43.0
-60.0	-46.0	-5.0
33.0	-76.0	49.0
-45.0	-58.0	40.0
-6.0	-52.0	34.0
6.0	-52.0	37.0
-66.0	-43.0	-8.0
-6.0	41.0	-20.0
-3.0	53.0	4.0
6.0	-49.0	7.0
-12.0	-61.0	7.0
42.0	-4.0	4.0
-54.0	-64.0	28.0
-6.0	41.0	-20.0
-12.0	-58.0	7.0
3.0	-22.0	40.0
-3.0	53.0	13.0
27.0	20.0	52.0
-36.0	-67.0	40.0
6.0	-37.0	25.0
9.0	-52.0	7.0
-3.0	-25.0	34.0
-3.0	53.0	4.0
-54.0	-64.0	28.0
9.0	-43.0	1.0
-12.0	-52.0	-41.0
3.0	41.0	4.0
9.0	62.0	10.0
6.0	-52.0	46.0
66.0	-40.0	-2.0
3.0	-22.0	37.0
6.0	62.0	13.0
-9.0	-70.0	34.0
3.0	-19.0	37.0
42.0	-22.0	7.0
-54.0	-4.0	-20.0
-54.0	-58.0	31.0
27.0	-82.0	-29.0
9.0	-55.0	16.0
54.0	-10.0	-20.0
-9.0	-70.0	34.0

// 25313659-1
// Subjects=20
-15.0	-90.0	11.0
-30.0	-41.0	-4.0
-8.0	-45.0	34.0
-56.0	-53.0	-8.0
-15.0	0.0	-30.0
-15.0	-8.0	-19.0
-15.0	-101.0	4.0
-4.0	19.0	68.0
41.0	-86.0	19.0
-41.0	15.0	23.0
41.0	4.0	34.0
30.0	-56.0	30.0

// 25447064-1
// Subjects=20
32.0	18.0	6.0
-70.0	-70.0	44.0
-90.0	-90.0	14.0
52.0	-50.0	-14.0
48.0	38.0	16.0
-48.0	-64.0	24.0
46.0	8.0	22.0
-86.0	-86.0	-18.0
12.0	12.0	10.0
6.0	-50.0	-38.0
32.0	32.0	42.0
-40.0	34.0	24.0
-6.0	-6.0	-26.0
12.0	-66.0	50.0
-8.0	-10.0	14.0
-38.0	-38.0	-22.0
-36.0	-36.0	-28.0
-86.0	-86.0	-48.0
-52.0	-52.0	68.0
-34.0	-34.0	-42.0
10.0	60.0	32.0
-4.0	58.0	-6.0
-70.0	-70.0	10.0
30.0	30.0	28.0
18.0	18.0	32.0
-96.0	-96.0	-16.0
-2.0	48.0	4.0
-30.0	18.0	4.0
-64.0	-64.0	48.0
-42.0	-42.0	46.0
50.0	50.0	-10.0
-66.0	-66.0	22.0
52.0	52.0	-14.0
-10.0	-10.0	6.0
56.0	-62.0	26.0
50.0	-14.0	30.0
12.0	12.0	-26.0
-48.0	-48.0	48.0
-14.0	-14.0	-24.0
-56.0	-64.0	-8.0
20.0	-74.0	-50.0
4.0	4.0	-8.0
-48.0	2.0	-24.0
6.0	6.0	56.0
2.0	6.0	-12.0
-4.0	-86.0	-38.0
34.0	-84.0	-44.0
0.0	-36.0	34.0
-8.0	-8.0	-2.0
-44.0	-40.0	44.0
-36.0	-82.0	-44.0
-12.0	-12.0	20.0
60.0	60.0	16.0
-24.0	-102.0	2.0
-38.0	20.0	28.0
-36.0	-36.0	42.0
-12.0	-12.0	18.0
-40.0	-40.0	-48.0
22.0	24.0	-4.0
-24.0	-20.0	-18.0
-48.0	-48.0	-30.0
36.0	36.0	-12.0
-2.0	-56.0	22.0
-96.0	-96.0	-16.0
-86.0	-86.0	-46.0
-6.0	6.0	30.0
18.0	18.0	52.0
-58.0	-4.0	-18.0
64.0	-4.0	-14.0
-30.0	-30.0	74.0
-28.0	-80.0	-36.0
-60.0	-60.0	-40.0
40.0	-48.0	26.0
2.0	-20.0	38.0
44.0	32.0	-14.0
-46.0	4.0	30.0
-4.0	-4.0	54.0
-68.0	-68.0	-30.0
50.0	-8.0	-16.0
-38.0	-38.0	44.0
26.0	26.0	-2.0
28.0	-84.0	-38.0
-32.0	-32.0	44.0
-54.0	-54.0	-38.0
60.0	60.0	-2.0
-26.0	-26.0	40.0
0.0	-50.0	10.0
-78.0	-78.0	4.0
54.0	-32.0	48.0
-24.0	-36.0	-14.0
22.0	22.0	30.0
18.0	18.0	30.0
6.0	6.0	28.0
20.0	20.0	30.0
0.0	-4.0	60.0
48.0	26.0	-14.0
-86.0	-86.0	-48.0
-30.0	-64.0	-30.0
-34.0	-34.0	-20.0
-50.0	-28.0	44.0
0.0	0.0	-24.0
-42.0	-8.0	60.0
2.0	14.0	70.0
12.0	12.0	2.0
-42.0	-42.0	22.0
-24.0	4.0	46.0
-24.0	-24.0	-18.0
58.0	58.0	26.0
10.0	10.0	46.0
28.0	28.0	60.0
36.0	36.0	54.0
-60.0	-60.0	-44.0
-52.0	-40.0	-14.0
-10.0	-10.0	74.0
-22.0	-22.0	6.0
-14.0	-14.0	24.0
-20.0	-20.0	70.0
16.0	16.0	46.0
-30.0	-30.0	64.0
-50.0	-50.0	28.0
6.0	14.0	2.0
20.0	56.0	16.0
-24.0	-24.0	-18.0
-34.0	-34.0	64.0
-2.0	-58.0	-50.0
-70.0	-70.0	56.0
34.0	20.0	32.0
-18.0	-18.0	44.0
28.0	-98.0	6.0
-30.0	-2.0	6.0
38.0	38.0	0.0
-34.0	-34.0	48.0
-22.0	-22.0	-4.0
22.0	22.0	32.0
-6.0	-6.0	10.0
-78.0	-78.0	-28.0
-60.0	-60.0	52.0
-72.0	-72.0	-22.0
-64.0	-64.0	-38.0
-60.0	-60.0	22.0
28.0	28.0	-22.0
-56.0	-56.0	44.0
30.0	30.0	30.0
-32.0	-32.0	-22.0
-80.0	-80.0	16.0
52.0	52.0	10.0
0.0	0.0	-24.0
14.0	14.0	-2.0
26.0	26.0	64.0
-28.0	-28.0	54.0
-54.0	-54.0	0.0
-74.0	-74.0	-36.0
48.0	-62.0	28.0
-2.0	-6.0	74.0
8.0	36.0	60.0
4.0	4.0	52.0
-44.0	-44.0	-10.0
40.0	-4.0	18.0
62.0	62.0	6.0
-36.0	-36.0	-6.0
-86.0	-86.0	2.0
-10.0	-10.0	8.0
26.0	26.0	62.0
-66.0	-66.0	32.0
10.0	10.0	14.0
-52.0	-52.0	70.0
-48.0	-48.0	26.0
-32.0	-32.0	-34.0
24.0	-24.0	-18.0
-102.0	-102.0	-2.0
10.0	10.0	-12.0
48.0	48.0	-16.0
14.0	14.0	52.0
34.0	34.0	-18.0
-2.0	-2.0	70.0
-78.0	-78.0	-18.0
-42.0	-42.0	60.0
58.0	58.0	-4.0
-86.0	-86.0	-40.0
-52.0	-52.0	38.0

// 25499146-1
// Subjects=20
40.0	-54.0	52.0
12.0	-66.0	40.0
-32.0	-56.0	44.0
36.0	-68.0	48.0
-2.0	-30.0	32.0
34.0	-70.0	40.0
-30.0	22.0	-2.0
14.0	-64.0	36.0
34.0	22.0	-4.0
-34.0	20.0	-4.0
44.0	-64.0	40.0
50.0	32.0	24.0
-44.0	8.0	32.0
-6.0	30.0	36.0
32.0	24.0	-2.0
-50.0	14.0	34.0
44.0	32.0	18.0
14.0	10.0	-4.0
-38.0	-56.0	46.0
-46.0	28.0	22.0
-6.0	32.0	38.0
-44.0	46.0	-2.0
10.0	10.0	0.0
-40.0	52.0	0.0
-48.0	24.0	28.0

// 25541365-1
// Subjects=20
16.0	-56.0	0.0
-12.0	-16.0	-8.0
44.0	-8.0	52.0
-56.0	-48.0	32.0
24.0	56.0	16.0
-24.0	48.0	24.0
4.0	28.0	32.0
40.0	36.0	36.0
-48.0	20.0	16.0
40.0	24.0	-12.0
8.0	-8.0	4.0
44.0	24.0	40.0
8.0	20.0	28.0
56.0	-36.0	-8.0
-24.0	52.0	24.0
24.0	64.0	4.0
-24.0	48.0	40.0
4.0	20.0	44.0
56.0	-48.0	32.0
-60.0	-28.0	36.0
-36.0	52.0	12.0
-32.0	16.0	-12.0
-8.0	44.0	-4.0
28.0	-68.0	-32.0
-16.0	12.0	0.0
-40.0	4.0	60.0
-16.0	-12.0	0.0
44.0	-44.0	44.0
-28.0	-56.0	44.0
-16.0	8.0	12.0
36.0	0.0	60.0
40.0	-64.0	12.0
-68.0	-28.0	16.0
-56.0	-44.0	24.0
-36.0	-36.0	56.0
-40.0	36.0	32.0
-60.0	-28.0	44.0
4.0	28.0	48.0
-52.0	16.0	32.0
36.0	-40.0	48.0
44.0	-40.0	36.0
-8.0	-20.0	-8.0
24.0	52.0	24.0
-16.0	-72.0	56.0
40.0	-12.0	60.0
40.0	40.0	32.0
4.0	-68.0	56.0
16.0	0.0	0.0
4.0	-24.0	-4.0
20.0	16.0	4.0
-40.0	-40.0	56.0
-60.0	-64.0	16.0
-8.0	-16.0	12.0
28.0	-52.0	-32.0
-36.0	-64.0	-32.0
-12.0	-68.0	-32.0
4.0	4.0	56.0
52.0	-32.0	36.0
-24.0	8.0	64.0
8.0	24.0	28.0
-44.0	-68.0	40.0
-24.0	8.0	-24.0
-28.0	-4.0	60.0
-4.0	20.0	48.0
-48.0	16.0	28.0
44.0	24.0	24.0
0.0	24.0	44.0
8.0	-48.0	56.0
-56.0	-38.0	-8.0
-12.0	4.0	-12.0
-12.0	16.0	16.0
0.0	-16.0	56.0

// 25868676-1
// Subjects=20
-10.0	12.0	-12.0
0.0	-4.0	38.0
6.0	4.0	42.0
14.0	38.0	14.0
18.0	8.0	-8.0
-52.0	-4.0	48.0
10.0	56.0	10.0
26.0	10.0	-8.0
-14.0	56.0	2.0
32.0	18.0	-8.0
-8.0	-18.0	-2.0
-10.0	46.0	-2.0
38.0	26.0	6.0
-16.0	-56.0	16.0
-4.0	-28.0	-16.0
14.0	4.0	-12.0
-62.0	-20.0	-20.0
-10.0	-32.0	48.0
12.0	8.0	-8.0
10.0	10.0	-4.0
-4.0	-26.0	-10.0
-28.0	24.0	-6.0
12.0	4.0	8.0
-28.0	-20.0	62.0
-12.0	-64.0	26.0
10.0	8.0	-2.0
-46.0	16.0	4.0
-38.0	-58.0	42.0
-46.0	-18.0	-26.0
2.0	-24.0	40.0
4.0	-8.0	4.0
-2.0	-30.0	32.0
-46.0	-48.0	12.0
-14.0	10.0	-6.0
-32.0	-52.0	40.0
-16.0	4.0	-12.0
4.0	-66.0	30.0
44.0	38.0	-8.0
-28.0	14.0	-18.0
-6.0	-18.0	0.0
-46.0	-48.0	10.0
6.0	-20.0	0.0
-56.0	-38.0	42.0
4.0	-18.0	0.0
-8.0	4.0	8.0
6.0	-52.0	10.0
-40.0	4.0	46.0
22.0	-52.0	18.0
-8.0	-28.0	-14.0
-46.0	44.0	0.0
-30.0	-76.0	44.0
-46.0	16.0	34.0
-60.0	-24.0	-24.0
-62.0	-30.0	-10.0
-10.0	-16.0	10.0
-14.0	-8.0	66.0
-10.0	4.0	0.0

// 25892594-1
// Subjects=20
63.0	-3.9	-20.1
7.3	-55.3	-46.4
-1.3	62.8	-4.9
22.5	-22.7	-11.3
42.3	-77.6	46.6
-2.9	-48.8	11.2
33.3	-80.9	-22.2
-22.4	-22.9	-10.8
-3.3	73.0	16.6
-3.1	0.2	11.6
-56.7	26.4	-3.4
-63.1	-4.3	-14.1

// 25989444-1
// Subjects=20
-46.0	-56.0	-20.0
-34.0	36.0	-12.0
-48.0	-28.0	48.0
-36.0	-86.0	-10.0
-38.0	32.0	-16.0
-28.0	-66.0	36.0
38.0	60.0	12.0
-50.0	-56.0	-22.0
-4.0	28.0	48.0
-34.0	-60.0	48.0
-50.0	-54.0	-18.0
-50.0	26.0	26.0
-56.0	-44.0	-12.0
-48.0	24.0	22.0
44.0	20.0	32.0
-46.0	42.0	-8.0

// 26004057-1
// Subjects=20
63.0	-52.0	-2.0
51.0	-40.0	-17.0
9.0	17.0	52.0
-12.0	-61.0	-17.0
-63.0	-28.0	16.0
-51.0	-7.0	-23.0
27.0	-25.0	-11.0
-39.0	-4.0	-14.0
-21.0	32.0	-8.0
3.0	-91.0	-14.0
45.0	-73.0	43.0
48.0	-34.0	22.0
-48.0	-79.0	22.0
15.0	-22.0	-47.0
-12.0	-58.0	64.0
63.0	2.0	-5.0
-18.0	56.0	40.0
6.0	23.0	1.0
-6.0	-82.0	43.0
42.0	-1.0	-11.0
-60.0	-52.0	46.0
18.0	-1.0	-26.0

// 26351995-1
// Subjects=20
-9.0	41.0	37.0
0.0	55.0	19.0
-12.0	50.0	19.0
-42.0	20.0	-29.0
-36.0	-13.0	-23.0

// 26459096-1
// Subjects=20
7.0	-54.0	35.0
-42.0	-49.0	-20.0
32.0	-43.0	-20.0
-31.0	1.0	-9.0
9.0	-94.0	22.0
-45.0	28.0	10.0
54.0	-73.0	-2.0
46.0	-73.0	2.0
-40.0	-45.0	-19.0
9.0	-52.0	40.0
-18.0	-34.0	-5.0
-54.0	-1.0	-20.0
-60.0	-46.0	-11.0
12.0	50.0	49.0
-3.0	56.0	-2.0
-51.0	-7.0	25.0
-42.0	-67.0	13.0
-3.0	-46.0	13.0
-4.0	-46.0	12.0
-21.0	17.0	-29.0
38.0	20.0	-25.0
-12.0	38.0	55.0
57.0	-34.0	-11.0
49.0	-70.0	-3.0
-40.0	-65.0	9.0
54.0	-61.0	43.0
-45.0	-6.0	-20.0
-57.0	-33.0	28.0
6.0	2.0	28.0
10.0	40.0	52.0
7.0	-91.0	16.0
-24.0	2.0	-41.0
36.0	-46.0	-23.0
-57.0	-43.0	-11.0
-60.0	-31.0	31.0
-13.0	29.0	56.0
-54.0	-46.0	13.0
-7.0	41.0	17.0
-51.0	-45.0	11.0
-48.0	-55.0	49.0
-42.0	-7.0	10.0
41.0	-12.0	-22.0
40.0	-7.0	13.0
-40.0	-9.0	12.0
4.0	-2.0	29.0
-1.0	40.0	-5.0
-7.0	-37.0	34.0
-30.0	-48.0	60.0
45.0	-4.0	10.0
-4.0	51.0	7.0
38.0	-52.0	-13.0
-2.0	-10.0	53.0
52.0	-33.0	-8.0
51.0	-76.0	4.0
-33.0	2.0	-14.0
48.0	-63.0	38.0
-51.0	-1.0	-15.0
-20.0	17.0	-21.0
-39.0	-52.0	-11.0
-37.0	-49.0	-11.0
-48.0	32.0	4.0
0.0	-4.0	55.0
-23.0	4.0	-33.0
42.0	20.0	-35.0
0.0	44.0	-14.0
-6.0	-34.0	37.0
-30.0	-43.0	67.0
-54.0	-4.0	25.0
-6.0	47.0	10.0
-46.0	-57.0	42.0
42.0	-55.0	-14.0
-18.0	-33.0	-4.0

// 26559474-1
// Subjects=20
-44.0	36.0	-16.0
16.0	64.0	4.0
-36.0	20.0	44.0
64.0	-16.0	-24.0
60.0	0.0	-32.0
4.0	-64.0	28.0
-52.0	-4.0	-28.0
-8.0	40.0	48.0
60.0	-52.0	-16.0
-4.0	-56.0	24.0
-20.0	32.0	48.0
24.0	36.0	44.0
64.0	-40.0	-16.0
4.0	56.0	-16.0
-60.0	-28.0	-16.0
28.0	16.0	48.0
12.0	-40.0	40.0

// 26683385-1
// Subjects=20
-42.0	0.0	40.0
-4.0	-18.0	-4.0
-28.0	-82.0	-2.0
-8.0	22.0	38.0
-6.0	14.0	48.0
2.0	32.0	-12.0
-60.0	-44.0	-8.0
-38.0	24.0	6.0
-44.0	-72.0	10.0
-28.0	-66.0	46.0
-40.0	8.0	32.0
-32.0	-66.0	34.0
-4.0	46.0	8.0
-10.0	22.0	38.0
2.0	44.0	-6.0
-46.0	8.0	34.0
-24.0	12.0	42.0
6.0	26.0	28.0
-6.0	16.0	48.0
-30.0	-40.0	40.0
44.0	44.0	-6.0
-44.0	2.0	38.0
54.0	24.0	20.0
-32.0	-42.0	40.0
-34.0	22.0	8.0
-14.0	22.0	10.0
-34.0	-46.0	40.0
48.0	-48.0	38.0
12.0	40.0	20.0
-30.0	-82.0	-2.0
-4.0	-70.0	40.0
0.0	22.0	42.0
-14.0	6.0	8.0

// 26691735-1
// Subjects=20
-44.0	48.0	-14.0
48.0	36.0	-10.0
-8.0	-60.0	6.0
12.0	-28.0	-38.0
16.0	-48.0	34.0
48.0	-16.0	-2.0
8.0	36.0	26.0
-52.0	20.0	-2.0
-20.0	-72.0	18.0
56.0	20.0	38.0
-52.0	36.0	10.0
0.0	32.0	34.0
12.0	-76.0	10.0
12.0	-44.0	6.0
-36.0	60.0	-6.0
16.0	-28.0	6.0
-32.0	32.0	-6.0
0.0	-36.0	46.0
-12.0	-28.0	34.0
-56.0	-12.0	10.0
-40.0	-12.0	14.0
-36.0	60.0	10.0
44.0	-64.0	26.0
36.0	-68.0	26.0
-40.0	40.0	-6.0
-56.0	-8.0	22.0
16.0	-40.0	34.0
12.0	-20.0	-42.0
56.0	-28.0	6.0
-36.0	24.0	54.0
56.0	-24.0	-6.0
-4.0	-16.0	-38.0
4.0	-28.0	-46.0
52.0	20.0	2.0
0.0	-76.0	10.0
8.0	-68.0	10.0
40.0	12.0	46.0
44.0	48.0	10.0
0.0	32.0	34.0
-40.0	28.0	46.0
-28.0	56.0	14.0
-28.0	56.0	14.0
-32.0	-36.0	18.0
40.0	44.0	26.0
8.0	-28.0	-46.0
-32.0	-4.0	-46.0
-44.0	44.0	10.0
52.0	16.0	-10.0
-8.0	-40.0	-50.0
52.0	12.0	38.0
-40.0	-24.0	-2.0
-32.0	-24.0	14.0
44.0	40.0	30.0
-4.0	-8.0	6.0
36.0	52.0	10.0
8.0	32.0	30.0
8.0	24.0	42.0
-52.0	20.0	38.0
-8.0	-20.0	6.0

// 26900967-1
// Subjects=20
-33.0	39.0	-12.0
57.0	-48.0	-12.0
-54.0	63.0	27.0
3.0	-63.0	18.0
21.0	27.0	57.0
-57.0	-63.0	0.0
-27.0	-24.0	3.0
57.0	21.0	27.0
-21.0	-15.0	-18.0
45.0	6.0	-21.0
0.0	54.0	9.0
-24.0	18.0	-27.0
54.0	12.0	42.0
27.0	-24.0	-15.0
-30.0	27.0	66.0
30.0	39.0	-9.0
66.0	33.0	-9.0
45.0	60.0	30.0
-6.0	-27.0	21.0
60.0	-51.0	-12.0
-57.0	-33.0	-6.0

// 27054401-1
// Subjects=20
-45.0	42.0	-9.0
48.0	-34.0	41.0
-6.0	22.0	47.0
36.0	-63.0	51.0
-33.0	-49.0	37.0
33.0	-63.0	51.0
12.0	-65.0	54.0
-36.0	-61.0	-34.0
-12.0	-34.0	41.0
-48.0	21.0	36.0
48.0	-37.0	44.0
39.0	-67.0	-31.0
9.0	-75.0	-18.0
15.0	3.0	12.0
42.0	-67.0	-31.0
-36.0	-57.0	45.0
-30.0	2.0	53.0
9.0	-78.0	-15.0
24.0	-22.0	-13.0
-36.0	-51.0	39.0
-53.0	21.0	25.0
6.0	21.0	-18.0
-3.0	-2.0	31.0
-30.0	-94.0	1.0
-36.0	-59.0	54.0
48.0	32.0	16.0
27.0	27.0	-16.0
-24.0	-19.0	-13.0
-15.0	22.0	58.0
42.0	51.0	-12.0
6.0	21.0	-18.0
-12.0	8.0	12.0
-3.0	-2.0	31.0
-42.0	51.0	-7.0
27.0	8.0	52.0
48.0	32.0	19.0
-48.0	24.0	36.0

// 27091676-1
// Subjects=20
-28.0	42.0	24.0
-40.0	14.0	26.0
22.0	-4.0	60.0
46.0	-16.0	44.0
2.0	-62.0	-24.0
6.0	42.0	0.0
-4.0	52.0	8.0
8.0	32.0	38.0
-28.0	20.0	52.0
-32.0	14.0	0.0
-12.0	32.0	36.0
-12.0	4.0	42.0
30.0	8.0	16.0
-48.0	-8.0	14.0
-32.0	-12.0	2.0
-34.0	52.0	6.0
-46.0	18.0	24.0
8.0	8.0	46.0
-40.0	-74.0	24.0
-48.0	8.0	16.0
0.0	-38.0	34.0
46.0	22.0	36.0
-38.0	-44.0	10.0
20.0	44.0	36.0
-50.0	-52.0	-20.0
-8.0	-56.0	16.0
-38.0	-54.0	42.0
-50.0	-44.0	20.0
50.0	-4.0	-12.0
26.0	-20.0	-6.0
6.0	-76.0	40.0
42.0	-60.0	26.0
-32.0	-60.0	30.0
32.0	-30.0	54.0
-20.0	-84.0	14.0
8.0	-66.0	46.0
62.0	-36.0	8.0
-22.0	-20.0	-18.0
12.0	8.0	8.0
-36.0	-34.0	-18.0
-14.0	-68.0	50.0
-18.0	-44.0	54.0
12.0	-58.0	14.0
12.0	-86.0	-6.0
-38.0	-70.0	-12.0
42.0	-22.0	-14.0
22.0	-32.0	0.0

// 27155127-1
// Subjects=20
51.0	32.0	22.0
-48.0	29.0	25.0
6.0	-67.0	49.0
36.0	20.0	1.0
36.0	-61.0	46.0
30.0	53.0	4.0
-42.0	5.0	31.0
-30.0	-37.0	-14.0
9.0	23.0	43.0
-6.0	-46.0	34.0
-6.0	53.0	7.0
33.0	-31.0	-17.0
-30.0	26.0	-2.0
-27.0	-1.0	55.0
-27.0	-13.0	-23.0
-54.0	-64.0	16.0
24.0	-7.0	-23.0

// 27311641-1
// Subjects=20
10.0	-93.0	17.0
29.0	-75.0	-13.0
-27.0	-47.0	7.0
-27.0	-75.0	-14.0
-57.0	-37.0	25.0
-23.0	57.0	24.0
-16.0	33.0	0.0
-46.0	13.0	44.0
50.0	-35.0	31.0
54.0	4.0	20.0
47.0	-19.0	-11.0
-2.0	-13.0	46.0
10.0	-93.0	17.0
29.0	-75.0	-13.0
54.0	4.0	20.0
25.0	-44.0	8.0
-16.0	33.0	0.0
50.0	-11.0	55.0
21.0	10.0	2.0
25.0	-44.0	8.0
21.0	-41.0	19.0
-24.0	-44.0	18.0
50.0	-35.0	31.0
-57.0	-37.0	25.0
21.0	14.0	-5.0
16.0	-68.0	63.0
-57.0	19.0	27.0
10.0	-12.0	-7.0
-23.0	7.0	-3.0
39.0	-14.0	47.0
44.0	33.0	-6.0
25.0	3.0	-6.0
-46.0	13.0	44.0
-61.0	8.0	26.0
36.0	-12.0	-4.0
47.0	-2.0	45.0
-27.0	-47.0	7.0
-23.0	57.0	24.0
-35.0	-34.0	65.0
-57.0	19.0	27.0
20.0	-49.0	61.0
-39.0	-30.0	58.0
-13.0	-49.0	64.0
-19.0	10.0	-2.0
-27.0	4.0	-17.0
25.0	-72.0	-9.0
58.0	-29.0	46.0
-1.0	-26.0	23.0
-38.0	30.0	-8.0
-61.0	-43.0	39.0
-27.0	-75.0	-14.0
10.0	-18.0	-26.0
-53.0	-61.0	-6.0
25.0	26.0	-7.0
58.0	-39.0	41.0
6.0	-15.0	61.0
-45.0	0.0	-7.0
32.0	-45.0	-17.0
-31.0	-79.0	25.0
-27.0	-75.0	-14.0
10.0	-4.0	26.0
-28.0	23.0	56.0

// 27338616-1
// Subjects=20
42.0	-54.0	21.0
-42.0	-69.0	24.0
-54.0	-54.0	-6.0
-9.0	-48.0	-45.0
48.0	30.0	9.0
51.0	12.0	-9.0
6.0	42.0	-9.0
-21.0	27.0	39.0
-9.0	-57.0	24.0
42.0	24.0	-24.0
-30.0	33.0	-9.0
24.0	30.0	39.0
12.0	-45.0	-42.0

// 27343687-1
// Subjects=20
46.0	-76.0	26.0
-26.0	24.0	46.0
-30.0	-42.0	-12.0
34.0	18.0	-16.0
54.0	-34.0	44.0
-6.0	-58.0	24.0
-18.0	-94.0	-10.0
18.0	-56.0	22.0
30.0	-40.0	-12.0
36.0	-56.0	-26.0
-2.0	66.0	-16.0
-14.0	44.0	6.0
-58.0	-16.0	-18.0
24.0	36.0	48.0
6.0	-52.0	-50.0
52.0	-64.0	30.0
54.0	-50.0	28.0
20.0	-66.0	16.0
42.0	-72.0	-40.0
-48.0	-70.0	36.0
28.0	-28.0	-20.0
-14.0	-24.0	-44.0
44.0	-50.0	-32.0
-50.0	-40.0	38.0
-16.0	-18.0	52.0
28.0	48.0	-14.0
-36.0	-78.0	38.0
6.0	-66.0	14.0
-12.0	-66.0	8.0
-52.0	-72.0	-42.0
16.0	-8.0	60.0
42.0	-36.0	44.0
-14.0	-72.0	4.0
-38.0	20.0	50.0
-36.0	-74.0	-18.0
-4.0	-20.0	44.0
-52.0	-50.0	40.0
-30.0	48.0	-18.0
-6.0	20.0	16.0
20.0	-68.0	-40.0
30.0	20.0	52.0
-18.0	-10.0	-14.0
-36.0	-8.0	-26.0
-26.0	-18.0	-48.0

// 27373768-1
// Subjects=20
12.0	-94.0	6.0
46.0	6.0	22.0
-8.0	-94.0	-6.0
-60.0	-40.0	36.0
-44.0	-66.0	26.0
-52.0	12.0	-26.0
-6.0	-46.0	48.0
50.0	-48.0	20.0
40.0	48.0	18.0
-12.0	46.0	-4.0
-36.0	30.0	28.0
24.0	4.0	54.0
50.0	16.0	-28.0
32.0	34.0	-12.0
-46.0	-68.0	26.0
14.0	-96.0	16.0
-50.0	28.0	-10.0
-8.0	52.0	36.0
-4.0	60.0	24.0
-20.0	26.0	-2.0
-4.0	-54.0	16.0
-28.0	6.0	48.0
-8.0	-84.0	-6.0
36.0	-74.0	-24.0
-24.0	-56.0	12.0
-40.0	-52.0	50.0
44.0	-40.0	48.0
2.0	-14.0	36.0
-6.0	-96.0	-6.0
4.0	-36.0	44.0
14.0	48.0	42.0
28.0	-22.0	-14.0
20.0	-96.0	8.0
-20.0	-92.0	10.0
-52.0	-38.0	-8.0
-46.0	24.0	0.0
10.0	52.0	-20.0
-6.0	52.0	20.0
-6.0	56.0	42.0
-48.0	20.0	-2.0
-42.0	-68.0	-4.0
-28.0	50.0	20.0
-26.0	-28.0	-14.0
-50.0	14.0	-24.0
-24.0	-58.0	12.0
22.0	18.0	-8.0
20.0	-44.0	2.0
-8.0	-92.0	-6.0
-44.0	28.0	-14.0
12.0	-88.0	-2.0
-10.0	-92.0	-4.0
-8.0	60.0	28.0

// 27665526-1
// Subjects=20
6.0	-40.0	38.0
-30.0	-40.0	-14.0
30.0	-44.0	-10.0
-10.0	56.0	26.0
22.0	-20.0	-18.0
22.0	-12.0	-14.0
-38.0	-44.0	38.0
-6.0	52.0	14.0
22.0	-8.0	-14.0
-30.0	-4.0	-26.0
18.0	-28.0	-10.0
22.0	-12.0	-14.0
14.0	-28.0	-10.0
-18.0	-24.0	-10.0
22.0	-20.0	-18.0
-30.0	-4.0	-26.0
18.0	-28.0	-10.0
14.0	-36.0	2.0
26.0	-20.0	-18.0
18.0	-28.0	-10.0
34.0	-28.0	-14.0
-30.0	-20.0	-18.0
54.0	0.0	-18.0
6.0	56.0	-18.0
-10.0	8.0	10.0
46.0	-72.0	26.0
54.0	4.0	18.0
54.0	24.0	18.0
22.0	-20.0	-18.0
-42.0	8.0	42.0
-54.0	4.0	22.0
-10.0	-84.0	-10.0
46.0	-56.0	18.0
-54.0	-4.0	-26.0
14.0	-56.0	18.0
34.0	-44.0	42.0
22.0	-24.0	-22.0
-18.0	-60.0	14.0
-34.0	-40.0	-22.0
-30.0	-20.0	-18.0
6.0	56.0	26.0
26.0	-20.0	-14.0

// 27697593-1
// Subjects=20
-33.0	-11.0	-16.0
-39.0	51.0	-7.0
-42.0	-49.0	37.0
-9.0	11.0	0.0
-59.0	-36.0	-7.0
59.0	-36.0	-7.0
-33.0	-51.0	45.0
-48.0	-76.0	8.0
-48.0	29.0	22.0
-30.0	-51.0	45.0
-27.0	-13.0	-9.0
50.0	-71.0	4.0
-6.0	30.0	27.0
36.0	-60.0	48.0
-45.0	46.0	4.0
42.0	12.0	33.0
9.0	11.0	3.0
-56.0	-16.0	-19.0
59.0	-28.0	-8.0
-42.0	45.0	-4.0
-33.0	-28.0	-10.0
-50.0	-36.0	3.0
39.0	-72.0	35.0
-59.0	-33.0	-5.0
-45.0	51.0	-2.0
-50.0	-33.0	0.0
24.0	-2.0	-17.0
-45.0	35.0	21.0
45.0	-29.0	16.0
-33.0	-57.0	42.0
59.0	-19.0	-8.0
-59.0	-39.0	-7.0
59.0	-48.0	1.0
56.0	-19.0	-13.0
-27.0	-79.0	5.0
-15.0	-61.0	-29.0
-48.0	-32.0	19.0
48.0	4.0	-27.0

// 27923474-1
// Subjects=20
51.0	-42.0	-10.0
-38.0	21.0	42.0
-57.0	-21.0	32.0
-23.0	-5.0	-15.0
-36.0	31.0	-4.0
21.0	27.0	-5.0
-26.0	5.0	48.0
6.0	1.0	35.0
-46.0	14.0	32.0
22.0	-26.0	62.0
-5.0	-39.0	17.0
-5.0	-2.0	29.0
-57.0	-38.0	-4.0
-5.0	42.0	19.0
-32.0	0.0	2.0
-14.0	47.0	23.0
7.0	37.0	47.0
-34.0	-35.0	-21.0
-49.0	22.0	9.0
51.0	-43.0	-3.0
-45.0	-58.0	-11.0
-43.0	2.0	-18.0
-6.0	-29.0	-27.0
12.0	-73.0	-33.0
-49.0	-47.0	-17.0
-44.0	29.0	21.0
-35.0	-65.0	19.0
-21.0	-37.0	-21.0
-41.0	21.0	-13.0
-19.0	11.0	-9.0
-26.0	-31.0	50.0
-28.0	-34.0	47.0
-31.0	-54.0	42.0
-46.0	-47.0	46.0
47.0	-21.0	23.0
-44.0	-54.0	-2.0
-55.0	20.0	14.0
28.0	-77.0	37.0
-36.0	-50.0	-6.0
20.0	27.0	-5.0
-5.0	-2.0	60.0
-50.0	6.0	40.0
-5.0	8.0	54.0
-57.0	-38.0	-4.0
-44.0	-42.0	37.0
-47.0	-49.0	-14.0
49.0	28.0	20.0
-11.0	7.0	64.0
-53.0	-38.0	-4.0
24.0	-32.0	47.0
-33.0	-50.0	35.0
40.0	-53.0	-13.0
-40.0	-43.0	-11.0
-45.0	29.0	-1.0
-49.0	-46.0	-1.0
-45.0	-60.0	-11.0
34.0	-54.0	38.0
-42.0	22.0	9.0
-50.0	-54.0	25.0
3.0	49.0	-20.0
-29.0	-74.0	36.0
-57.0	-38.0	-4.0
-13.0	-2.0	69.0
-49.0	4.0	25.0
-29.0	-70.0	26.0
-23.0	-42.0	-27.0
18.0	-32.0	-33.0
-40.0	15.0	30.0
-44.0	-56.0	43.0
-40.0	28.0	12.0
-32.0	-33.0	-23.0
-42.0	11.0	30.0

// 28093279-1
// Subjects=20
-18.0	-67.0	28.0
51.0	35.0	22.0
-18.0	-34.0	-5.0
22.0	-34.0	7.0
-27.0	24.0	29.0
43.0	-66.0	38.0
30.0	24.0	26.0
-12.0	-67.0	30.0
3.0	-69.0	24.0
-27.0	51.0	-3.0
30.0	57.0	3.0
-42.0	-61.0	44.0
-27.0	-40.0	4.0
-21.0	-40.0	-2.0
51.0	36.0	27.0
42.0	-61.0	40.0
0.0	-70.0	38.0
-36.0	-70.0	40.0
42.0	-61.0	44.0
-15.0	-66.0	30.0
39.0	-58.0	38.0
24.0	-33.0	-18.0
21.0	-37.0	2.0
-43.0	-66.0	38.0
-42.0	-67.0	34.0
9.0	-61.0	30.0
21.0	-40.0	2.0
42.0	-58.0	40.0
-18.0	-34.0	6.0
-39.0	-64.0	36.0
42.0	-61.0	40.0
-24.0	-40.0	0.0
-18.0	-64.0	30.0
-33.0	50.0	-6.0
-27.0	53.0	-4.0
-42.0	-67.0	34.0
18.0	-37.0	-10.0
6.0	-61.0	30.0
-21.0	-37.0	-10.0
45.0	-64.0	36.0
15.0	-43.0	-6.0
9.0	-61.0	20.0
-39.0	-64.0	40.0
48.0	-64.0	36.0
-39.0	-67.0	38.0
45.0	-61.0	38.0
0.0	-15.0	74.0
9.0	-61.0	30.0

// 28159685-1
// Subjects=20
45.0	41.0	-7.0
-22.0	-14.0	-19.0
-36.0	33.0	8.0
57.0	-55.0	37.0
22.0	-18.0	-23.0
-17.0	-27.0	-15.0
51.0	-61.0	40.0
-48.0	-61.0	23.0
-43.0	32.0	-5.0
-42.0	23.0	21.0
51.0	32.0	8.0
-53.0	-64.0	29.0
20.0	-26.0	-6.0
-20.0	-18.0	-23.0

// 28179554-1
// Subjects=20
-45.0	-67.0	25.0
-23.0	-27.0	-15.0
-7.0	-55.0	27.0
-60.0	-4.0	-17.0
14.0	-49.0	14.0
-9.0	-55.0	12.0
-20.0	31.0	49.0
-8.0	12.0	67.0
-20.0	64.0	19.0
-2.0	57.0	7.0
4.0	35.0	42.0
15.0	40.0	14.0
-47.0	18.0	25.0
-11.0	45.0	8.0
22.0	27.0	53.0
-36.0	5.0	57.0
-46.0	34.0	4.0
-11.0	60.0	29.0
42.0	-61.0	-33.0
6.0	-54.0	-46.0
12.0	-26.0	67.0
-59.0	-13.0	-1.0
-24.0	-2.0	-12.0
44.0	-50.0	53.0
40.0	-61.0	9.0
-8.0	12.0	67.0
43.0	-63.0	47.0
-40.0	-63.0	47.0
28.0	-77.0	-32.0
-6.0	-68.0	38.0
46.0	20.0	34.0
-11.0	-31.0	67.0
43.0	9.0	55.0
29.0	-12.0	-17.0
-9.0	-32.0	67.0
-10.0	63.0	19.0
-20.0	32.0	48.0
47.0	-69.0	10.0
34.0	24.0	-5.0
12.0	-69.0	38.0
-45.0	-52.0	10.0
43.0	45.0	17.0
12.0	-70.0	39.0
43.0	20.0	35.0
-13.0	14.0	58.0
4.0	36.0	38.0
51.0	10.0	-28.0
-1.0	39.0	-2.0
-4.0	49.0	-7.0
25.0	-81.0	-33.0
1.0	-29.0	29.0
10.0	-53.0	10.0
38.0	14.0	52.0
-58.0	0.0	-13.0
44.0	-49.0	50.0
-36.0	-58.0	50.0
34.0	58.0	-4.0
-36.0	-60.0	50.0
41.0	-65.0	-29.0
2.0	-29.0	33.0
22.0	-80.0	-36.0
-4.0	-41.0	39.0
34.0	61.0	5.0
43.0	43.0	18.0
65.0	-31.0	-9.0
27.0	-37.0	-13.0
-26.0	-40.0	-8.0
1.0	-51.0	-49.0
48.0	-68.0	26.0
62.0	-6.0	-19.0
-11.0	-56.0	16.0
15.0	-63.0	26.0
6.0	64.0	22.0
46.0	16.0	-30.0
43.0	-72.0	28.0
-7.0	51.0	-1.0
-46.0	-61.0	21.0
-18.0	63.0	-9.0
-10.0	55.0	39.0
-68.0	-23.0	-16.0
-13.0	-40.0	1.0
6.0	-59.0	35.0
-44.0	12.0	-34.0
-1.0	23.0	-1.0
-35.0	20.0	51.0
-3.0	-49.0	13.0
8.0	48.0	-15.0
6.0	67.0	-4.0
-20.0	45.0	39.0
-16.0	29.0	53.0
22.0	39.0	39.0
13.0	55.0	38.0
-10.0	39.0	52.0
23.0	33.0	48.0
52.0	-59.0	36.0
-10.0	-70.0	40.0
-2.0	-37.0	44.0
13.0	-64.0	36.0
6.0	54.0	16.0
8.0	-48.0	31.0
-39.0	-75.0	44.0
-3.0	44.0	-9.0
52.0	-2.0	-16.0
12.0	36.0	20.0
-41.0	-75.0	26.0
26.0	23.0	-13.0
-68.0	-41.0	-5.0
-56.0	-13.0	-10.0
11.0	-54.0	17.0
-42.0	45.0	-2.0
-3.0	42.0	16.0
-2.0	38.0	36.0
-34.0	-38.0	-16.0
52.0	7.0	-30.0
-49.0	-42.0	1.0
-2.0	-35.0	31.0
65.0	-12.0	-19.0
9.0	54.0	3.0
13.0	30.0	59.0
8.0	42.0	-5.0
49.0	35.0	-12.0
44.0	-53.0	47.0
-42.0	-55.0	45.0
-58.0	-30.0	-4.0
-34.0	55.0	4.0
47.0	-50.0	29.0
-8.0	48.0	23.0
-53.0	3.0	-27.0
-7.0	-71.0	42.0
11.0	-66.0	42.0
4.0	-48.0	51.0
2.0	-24.0	30.0
40.0	18.0	40.0
-12.0	50.0	34.0
8.0	58.0	23.0
-46.0	31.0	-13.0
23.0	27.0	43.0
-9.0	-54.0	13.0
-14.0	-67.0	37.0
36.0	-13.0	-23.0
-44.0	-65.0	35.0
-8.0	-58.0	49.0
-43.0	-73.0	27.0

// 28202612-1
// Subjects=20
-24.0	-80.0	36.0
-20.0	-52.0	-16.0
18.0	-84.0	-8.0
-56.0	10.0	22.0
-50.0	-48.0	46.0
-14.0	-96.0	-6.0
-26.0	-66.0	-50.0
20.0	-88.0	-10.0
-24.0	-68.0	52.0
32.0	-68.0	56.0
50.0	12.0	44.0

// 28245989-1
// Subjects=20
52.0	0.0	48.0
0.0	-60.0	-44.0
-28.0	6.0	56.0
52.0	-40.0	48.0
-56.0	-24.0	4.0
-28.0	-32.0	-8.0
60.0	-4.0	-8.0
-48.0	20.0	16.0
-11.0	58.0	20.0
52.0	-4.0	48.0
-56.0	-4.0	44.0
52.0	-20.0	-8.0
-4.0	-12.0	8.0
-44.0	0.0	48.0
-4.0	-60.0	20.0
-4.0	-56.0	12.0
4.0	-8.0	2.0
-37.0	-85.0	30.0
56.0	0.0	-8.0
-49.0	25.0	21.0
-24.0	-40.0	-16.0
28.0	-32.0	-16.0
56.0	-12.0	4.0
-32.0	-16.0	-16.0
-8.0	-52.0	8.0
1.0	-56.0	-44.0
44.0	28.0	-4.0
16.0	-76.0	-28.0
-52.0	-44.0	-4.0
-52.0	20.0	16.0
-60.0	-28.0	4.0
-36.0	12.0	-12.0
-7.0	-39.0	35.0
-56.0	-28.0	4.0
8.0	-32.0	-4.0
8.0	-48.0	0.0
60.0	-12.0	0.0
64.0	-8.0	-12.0
4.0	-8.0	0.0
-24.0	-32.0	-20.0
36.0	-60.0	-28.0
-8.0	-56.0	12.0
51.0	-33.0	2.0
-60.0	-4.0	-12.0
-20.0	-8.0	20.0
-40.0	0.0	56.0
0.0	-40.0	0.0
56.0	-68.0	28.0
36.0	24.0	-4.0
-60.0	-12.0	-12.0
-40.0	8.0	52.0
-36.0	-68.0	-28.0
-28.0	-36.0	-16.0
-4.0	8.0	63.0
-59.0	-5.0	-20.0
-48.0	-60.0	20.0
12.0	-80.0	-36.0
-48.0	-64.0	20.0
-28.0	-28.0	-12.0
-4.0	-8.0	4.0
4.0	4.0	68.0
0.0	8.0	60.0
-32.0	-32.0	-12.0
-40.0	49.0	15.0
62.0	-17.0	-6.0
55.0	-18.0	-8.0
47.0	17.0	30.0
-48.0	33.0	-4.0
48.0	-61.0	27.0
24.0	-30.0	-19.0
-48.0	29.0	-9.0
-48.0	-2.0	52.0
-3.0	52.0	0.0
39.0	25.0	-12.0
-5.0	35.0	24.0
-62.0	3.0	-15.0
-52.0	-64.0	20.0
-8.0	-48.0	40.0
-4.0	8.0	60.0
-47.0	-63.0	25.0
-63.0	-23.0	3.0
-6.0	3.0	56.0
55.0	11.0	-23.0
4.0	-55.0	31.0
-66.0	-42.0	3.0
47.0	-44.0	2.0
-56.0	-44.0	4.0
67.0	-11.0	-7.0
-3.0	-55.0	17.0
59.0	-30.0	2.0
-46.0	2.0	48.0
-56.0	-8.0	-16.0
24.0	-11.0	-22.0
-27.0	-25.0	-21.0
-54.0	24.0	3.0
15.0	-87.0	-6.0
-65.0	-40.0	7.0
52.0	-2.0	-20.0
-42.0	-38.0	11.0
-66.0	-12.0	-5.0
64.0	2.0	-10.0
-63.0	1.0	-15.0
-28.0	-28.0	-16.0

// 28544942-1
// Subjects=20
15.0	-76.0	-2.0
18.0	-94.0	10.0
-18.0	14.0	1.0
-30.0	-82.0	-11.0
24.0	-67.0	16.0
21.0	17.0	-2.0
-15.0	-64.0	-26.0
-12.0	-64.0	28.0
9.0	62.0	28.0
-3.0	-37.0	37.0
-6.0	-67.0	34.0
-15.0	-94.0	-8.0
-39.0	-25.0	67.0
-33.0	23.0	-5.0
-36.0	-19.0	55.0
-30.0	-67.0	10.0
21.0	-4.0	49.0
6.0	14.0	-2.0
-36.0	-70.0	37.0
27.0	-52.0	-20.0
-15.0	-79.0	25.0
9.0	-82.0	-14.0
-3.0	-82.0	28.0
-57.0	-37.0	-11.0
-6.0	-40.0	37.0
-24.0	-46.0	49.0
-33.0	-70.0	37.0
-33.0	53.0	4.0

// 28625660-1
// Subjects=20
-16.0	38.0	47.0
7.0	-85.0	30.0
36.0	22.0	45.0
-28.0	28.0	45.0
8.0	-71.0	42.0
0.0	-26.0	25.0
-8.0	-90.0	31.0
-33.0	22.0	-1.0
47.0	-57.0	36.0
34.0	-64.0	-33.0
-27.0	-67.0	-33.0
-33.0	34.0	-6.0
18.0	-56.0	18.0
-14.0	-59.0	14.0
25.0	-38.0	-11.0
23.0	48.0	39.0
-16.0	-35.0	-13.0
-28.0	-44.0	-8.0
-1.0	-79.0	34.0
17.0	38.0	48.0
-44.0	-49.0	-28.0
27.0	19.0	55.0

// 28733247-1
// Subjects=20
24.0	-51.0	63.0
24.0	-66.0	12.0
-45.0	-60.0	27.0
57.0	-9.0	-18.0
-57.0	0.0	9.0
-36.0	-72.0	-12.0
-9.0	-90.0	-3.0
-16.0	-39.0	-9.0
-57.0	-51.0	-15.0
-66.0	-30.0	-15.0
63.0	-18.0	24.0
27.0	-72.0	-6.0
21.0	-78.0	30.0
-9.0	-26.0	44.0
30.0	-42.0	54.0
-54.0	-18.0	21.0
15.0	-36.0	45.0
12.0	51.0	-21.0
-33.0	-42.0	-36.0
60.0	3.0	15.0
12.0	-54.0	27.0
51.0	-30.0	15.0

// 28803854-1
// Subjects=20
9.0	14.0	-17.0
-12.0	11.0	-17.0
12.0	11.0	-2.0
-12.0	14.0	1.0

// 28886406-1
// Subjects=20
6.0	-67.0	41.0
33.0	23.0	-4.0
-9.0	11.0	59.0
45.0	-58.0	-31.0
27.0	-85.0	-25.0
48.0	17.0	32.0
-39.0	20.0	32.0
-27.0	23.0	-41.0

// 29217684-1
// Subjects=20
-64.0	-30.0	-20.0
-68.0	-32.0	-8.0
-4.0	34.0	34.0
-8.0	-68.0	34.0
6.0	-30.0	28.0
56.0	-58.0	34.0
-42.0	52.0	2.0
12.0	-64.0	30.0
-34.0	-74.0	46.0
-32.0	48.0	-8.0
-30.0	60.0	6.0
-22.0	-12.0	-22.0
-50.0	-64.0	44.0
-40.0	-64.0	48.0
58.0	-34.0	-8.0
68.0	-34.0	-12.0
46.0	-58.0	46.0
12.0	-22.0	-14.0
-46.0	20.0	36.0
38.0	14.0	38.0
46.0	20.0	38.0
38.0	22.0	46.0
-42.0	10.0	40.0
-58.0	-40.0	-12.0
48.0	-76.0	20.0
4.0	-20.0	0.0
26.0	-60.0	-8.0
32.0	-46.0	-4.0
34.0	-40.0	-10.0
34.0	-74.0	16.0
8.0	-8.0	6.0
46.0	-66.0	44.0
40.0	-80.0	24.0
62.0	-42.0	-8.0
-28.0	22.0	-2.0
40.0	54.0	4.0
10.0	-6.0	8.0
52.0	-62.0	26.0
-8.0	-6.0	6.0
-8.0	-76.0	-32.0
4.0	6.0	-12.0
46.0	20.0	-36.0
32.0	-88.0	-6.0
-8.0	-80.0	6.0
-6.0	18.0	48.0
0.0	-72.0	-28.0
-20.0	-98.0	6.0
40.0	56.0	14.0
20.0	40.0	-14.0
-6.0	-78.0	-20.0
-14.0	6.0	-16.0
4.0	28.0	40.0
14.0	2.0	-14.0
-6.0	10.0	-12.0
38.0	24.0	-40.0
8.0	-24.0	-16.0
14.0	10.0	0.0
12.0	2.0	-4.0
-50.0	-68.0	24.0
-14.0	2.0	12.0
38.0	16.0	-42.0
10.0	32.0	26.0
32.0	22.0	-4.0
26.0	24.0	42.0
28.0	32.0	40.0
28.0	34.0	30.0
60.0	-56.0	16.0
30.0	54.0	-4.0

// 29391248-1
// Subjects=20
7.0	34.0	49.0
7.0	23.0	41.0
-27.0	-11.0	-23.0
-4.0	-74.0	45.0
-1.0	-30.0	34.0
40.0	-48.0	45.0
10.0	-56.0	30.0
-23.0	60.0	3.0
-38.0	-52.0	37.0
63.0	-3.0	-20.0
-4.0	-37.0	22.0
40.0	-37.0	37.0
-12.0	57.0	37.0
-46.0	12.0	-31.0
40.0	38.0	-12.0
-34.0	-14.0	-31.0
-31.0	8.0	-42.0
-46.0	30.0	-1.0
-38.0	4.0	49.0
-4.0	42.0	41.0
29.0	0.0	-35.0
40.0	-7.0	-27.0
33.0	16.0	-39.0
52.0	23.0	34.0
-50.0	-44.0	-1.0
-38.0	46.0	15.0
-27.0	0.0	-31.0
